[{"model": "auth.user", "pk": 1, "fields": {"password": "pbkdf2_sha256$36000$X2oMeZcr84Eh$AguWe8W7RZHPeMJDvRxGdp3XsRQeduAW6QaqZh3a3Kc=", "last_login": "2017-07-11T21:22:24.231", "is_superuser": true, "username": "admin", "first_name": "", "last_name": "", "email": "yamidpico@exile.com.co", "is_staff": true, "is_active": true, "date_joined": "2017-07-06T17:20:42.077", "groups": [], "user_permissions": []}}, {"model": "auth.user", "pk": 2, "fields": {"password": "pbkdf2_sha256$36000$JPSJCXhF8SdT$+LjqZkXcwTR1hUDqHW5mwNZMRE5enZfatltwKqscAiY=", "last_login": "2017-07-14T17:25:32.539", "is_superuser": true, "username": "asistente1", "first_name": "Yamid", "last_name": "Pico Leal", "email": "yamidpico@exile.com.co", "is_staff": true, "is_active": true, "date_joined": "2017-07-06T19:03:00", "groups": [], "user_permissions": []}}, {"model": "auth.user", "pk": 3, "fields": {"password": "pbkdf2_sha256$36000$BW5mL1hUL9sM$KE6XJ/YK7BI0UlW3FC8QmNC2lM2eP65wfXEIvKiCajs=", "last_login": null, "is_superuser": false, "username": "mariobp", "first_name": "Mario", "last_name": "Barrios", "email": "mariobarrios@exile.com.co", "is_staff": false, "is_active": true, "date_joined": "2017-07-06T20:33:18.459", "groups": [], "user_permissions": []}}, {"model": "sessions.session", "pk": "3s3jh3xogpa7dlquwgbibgw784mzjcjp", "fields": {"session_data": "MmExZmQ2M2RjNGEwOGU2OGJjNmRmYjYyOWM1OWU2YWFlNDQwYTVmNzp7Il9hdXRoX3VzZXJfaGFzaCI6IjgyNGJkZjg1OWRhNDA2ZjExNzNlZDIxNmEwZTVkMDUxZTBkNDkwY2MiLCJfYXV0aF91c2VyX2JhY2tlbmQiOiJkamFuZ28uY29udHJpYi5hdXRoLmJhY2tlbmRzLk1vZGVsQmFja2VuZCIsIl9hdXRoX3VzZXJfaWQiOiIxIn0=", "expire_date": "2017-07-25T03:44:34.439"}}, {"model": "sessions.session", "pk": "6bw4j9ermvmu5vupt137kbrvojfhbp5u", "fields": {"session_data": "MWZmMDQ4MDg3NTg1M2Y0MjUyYWU3MTRkOTM1YTUxN2E2ZmQ1YWFmNjp7Il9hdXRoX3VzZXJfaGFzaCI6IjE2MTFjNzU0ZjU2NDEzMzJlNGE0Y2VhOThmMWRiOWU1YTYyNWFlNDUiLCJfYXV0aF91c2VyX2lkIjoiMiIsIl9hdXRoX3VzZXJfYmFja2VuZCI6ImRqYW5nby5jb250cmliLmF1dGguYmFja2VuZHMuTW9kZWxCYWNrZW5kIn0=", "expire_date": "2017-07-25T04:31:21.440"}}, {"model": "sessions.session", "pk": "8laqsgeu6gi0duluz8imxvoa2ut14ciy", "fields": {"session_data": "OTM4YzliNzdkOTM5NWI2YjYwNDk5ZmEyYzQ2YTFlMjc1MmM2MDM2NTp7Il9hdXRoX3VzZXJfaGFzaCI6IjE2MTFjNzU0ZjU2NDEzMzJlNGE0Y2VhOThmMWRiOWU1YTYyNWFlNDUiLCJfYXV0aF91c2VyX2JhY2tlbmQiOiJkamFuZ28uY29udHJpYi5hdXRoLmJhY2tlbmRzLk1vZGVsQmFja2VuZCIsIl9hdXRoX3VzZXJfaWQiOiIyIn0=", "expire_date": "2017-07-26T18:17:29.098"}}, {"model": "sessions.session", "pk": "c2fwvc5kq6jik7qedfach6hds14mwzmx", "fields": {"session_data": "OTM4YzliNzdkOTM5NWI2YjYwNDk5ZmEyYzQ2YTFlMjc1MmM2MDM2NTp7Il9hdXRoX3VzZXJfaGFzaCI6IjE2MTFjNzU0ZjU2NDEzMzJlNGE0Y2VhOThmMWRiOWU1YTYyNWFlNDUiLCJfYXV0aF91c2VyX2JhY2tlbmQiOiJkamFuZ28uY29udHJpYi5hdXRoLmJhY2tlbmRzLk1vZGVsQmFja2VuZCIsIl9hdXRoX3VzZXJfaWQiOiIyIn0=", "expire_date": "2017-07-20T21:55:16.523"}}, {"model": "sessions.session", "pk": "ccq5qixjir7oj33ws3pravx2rtog76tn", "fields": {"session_data": "MmExZmQ2M2RjNGEwOGU2OGJjNmRmYjYyOWM1OWU2YWFlNDQwYTVmNzp7Il9hdXRoX3VzZXJfaGFzaCI6IjgyNGJkZjg1OWRhNDA2ZjExNzNlZDIxNmEwZTVkMDUxZTBkNDkwY2MiLCJfYXV0aF91c2VyX2JhY2tlbmQiOiJkamFuZ28uY29udHJpYi5hdXRoLmJhY2tlbmRzLk1vZGVsQmFja2VuZCIsIl9hdXRoX3VzZXJfaWQiOiIxIn0=", "expire_date": "2017-07-25T21:22:24.540"}}, {"model": "sessions.session", "pk": "eiczhvhgyxcqukuj4vkj8mv9t64fdflv", "fields": {"session_data": "OTM4YzliNzdkOTM5NWI2YjYwNDk5ZmEyYzQ2YTFlMjc1MmM2MDM2NTp7Il9hdXRoX3VzZXJfaGFzaCI6IjE2MTFjNzU0ZjU2NDEzMzJlNGE0Y2VhOThmMWRiOWU1YTYyNWFlNDUiLCJfYXV0aF91c2VyX2JhY2tlbmQiOiJkamFuZ28uY29udHJpYi5hdXRoLmJhY2tlbmRzLk1vZGVsQmFja2VuZCIsIl9hdXRoX3VzZXJfaWQiOiIyIn0=", "expire_date": "2017-07-28T17:25:32.543"}}, {"model": "sessions.session", "pk": "j4l4lnguroect5tieqkzmjrbhh4xvbe9", "fields": {"session_data": "OTM4YzliNzdkOTM5NWI2YjYwNDk5ZmEyYzQ2YTFlMjc1MmM2MDM2NTp7Il9hdXRoX3VzZXJfaGFzaCI6IjE2MTFjNzU0ZjU2NDEzMzJlNGE0Y2VhOThmMWRiOWU1YTYyNWFlNDUiLCJfYXV0aF91c2VyX2JhY2tlbmQiOiJkamFuZ28uY29udHJpYi5hdXRoLmJhY2tlbmRzLk1vZGVsQmFja2VuZCIsIl9hdXRoX3VzZXJfaWQiOiIyIn0=", "expire_date": "2017-07-28T15:15:04.356"}}, {"model": "sessions.session", "pk": "kd9mahdfexvj7ctunu1wmjs0dn9xr2vt", "fields": {"session_data": "OTM4YzliNzdkOTM5NWI2YjYwNDk5ZmEyYzQ2YTFlMjc1MmM2MDM2NTp7Il9hdXRoX3VzZXJfaGFzaCI6IjE2MTFjNzU0ZjU2NDEzMzJlNGE0Y2VhOThmMWRiOWU1YTYyNWFlNDUiLCJfYXV0aF91c2VyX2JhY2tlbmQiOiJkamFuZ28uY29udHJpYi5hdXRoLmJhY2tlbmRzLk1vZGVsQmFja2VuZCIsIl9hdXRoX3VzZXJfaWQiOiIyIn0=", "expire_date": "2017-07-27T04:52:40.726"}}, {"model": "sessions.session", "pk": "o0j5qahiyggjoglhjv0korj3xjdo1l3u", "fields": {"session_data": "OTM4YzliNzdkOTM5NWI2YjYwNDk5ZmEyYzQ2YTFlMjc1MmM2MDM2NTp7Il9hdXRoX3VzZXJfaGFzaCI6IjE2MTFjNzU0ZjU2NDEzMzJlNGE0Y2VhOThmMWRiOWU1YTYyNWFlNDUiLCJfYXV0aF91c2VyX2JhY2tlbmQiOiJkamFuZ28uY29udHJpYi5hdXRoLmJhY2tlbmRzLk1vZGVsQmFja2VuZCIsIl9hdXRoX3VzZXJfaWQiOiIyIn0=", "expire_date": "2017-07-26T22:10:17.246"}}, {"model": "sessions.session", "pk": "p6a89ff292ak7srzruba5o1m6cq5ie5r", "fields": {"session_data": "OTM4YzliNzdkOTM5NWI2YjYwNDk5ZmEyYzQ2YTFlMjc1MmM2MDM2NTp7Il9hdXRoX3VzZXJfaGFzaCI6IjE2MTFjNzU0ZjU2NDEzMzJlNGE0Y2VhOThmMWRiOWU1YTYyNWFlNDUiLCJfYXV0aF91c2VyX2JhY2tlbmQiOiJkamFuZ28uY29udHJpYi5hdXRoLmJhY2tlbmRzLk1vZGVsQmFja2VuZCIsIl9hdXRoX3VzZXJfaWQiOiIyIn0=", "expire_date": "2017-07-27T19:30:28.198"}}, {"model": "sessions.session", "pk": "tv87iewbts6uhul4a97umwlfnp3ok1el", "fields": {"session_data": "OTM4YzliNzdkOTM5NWI2YjYwNDk5ZmEyYzQ2YTFlMjc1MmM2MDM2NTp7Il9hdXRoX3VzZXJfaGFzaCI6IjE2MTFjNzU0ZjU2NDEzMzJlNGE0Y2VhOThmMWRiOWU1YTYyNWFlNDUiLCJfYXV0aF91c2VyX2JhY2tlbmQiOiJkamFuZ28uY29udHJpYi5hdXRoLmJhY2tlbmRzLk1vZGVsQmFja2VuZCIsIl9hdXRoX3VzZXJfaWQiOiIyIn0=", "expire_date": "2017-07-21T23:54:56.078"}}, {"model": "sessions.session", "pk": "uo7l7dvs9bx0umu88dz0p77ncnd79eyd", "fields": {"session_data": "MWZmMDQ4MDg3NTg1M2Y0MjUyYWU3MTRkOTM1YTUxN2E2ZmQ1YWFmNjp7Il9hdXRoX3VzZXJfaGFzaCI6IjE2MTFjNzU0ZjU2NDEzMzJlNGE0Y2VhOThmMWRiOWU1YTYyNWFlNDUiLCJfYXV0aF91c2VyX2lkIjoiMiIsIl9hdXRoX3VzZXJfYmFja2VuZCI6ImRqYW5nby5jb250cmliLmF1dGguYmFja2VuZHMuTW9kZWxCYWNrZW5kIn0=", "expire_date": "2017-07-20T19:22:50.218"}}, {"model": "sessions.session", "pk": "xelr00cu1f14svae7gg62m4usxd2x7wa", "fields": {"session_data": "OTM4YzliNzdkOTM5NWI2YjYwNDk5ZmEyYzQ2YTFlMjc1MmM2MDM2NTp7Il9hdXRoX3VzZXJfaGFzaCI6IjE2MTFjNzU0ZjU2NDEzMzJlNGE0Y2VhOThmMWRiOWU1YTYyNWFlNDUiLCJfYXV0aF91c2VyX2JhY2tlbmQiOiJkamFuZ28uY29udHJpYi5hdXRoLmJhY2tlbmRzLk1vZGVsQmFja2VuZCIsIl9hdXRoX3VzZXJfaWQiOiIyIn0=", "expire_date": "2017-07-20T21:56:01.896"}}, {"model": "sessions.session", "pk": "xpwwhvzyb6dqf938rshp4fgshf2uxagy", "fields": {"session_data": "OTM4YzliNzdkOTM5NWI2YjYwNDk5ZmEyYzQ2YTFlMjc1MmM2MDM2NTp7Il9hdXRoX3VzZXJfaGFzaCI6IjE2MTFjNzU0ZjU2NDEzMzJlNGE0Y2VhOThmMWRiOWU1YTYyNWFlNDUiLCJfYXV0aF91c2VyX2JhY2tlbmQiOiJkamFuZ28uY29udHJpYi5hdXRoLmJhY2tlbmRzLk1vZGVsQmFja2VuZCIsIl9hdXRoX3VzZXJfaWQiOiIyIn0=", "expire_date": "2017-07-20T19:38:48.936"}}, {"model": "sessions.session", "pk": "ygexemxq5o9gs17hfy6sktig3wuoc2lj", "fields": {"session_data": "NjczNjFmZTUzY2E5ZjIwZDk0YjBkNTA5NDdjM2UyNjUxMDM5Y2QwMTp7Il9hdXRoX3VzZXJfaGFzaCI6IjgyNGJkZjg1OWRhNDA2ZjExNzNlZDIxNmEwZTVkMDUxZTBkNDkwY2MiLCJfYXV0aF91c2VyX2lkIjoiMSIsIl9hdXRoX3VzZXJfYmFja2VuZCI6ImRqYW5nby5jb250cmliLmF1dGguYmFja2VuZHMuTW9kZWxCYWNrZW5kIn0=", "expire_date": "2017-07-20T19:07:07.335"}}, {"model": "sessions.session", "pk": "yor3p01x69gqta3p8n9acpx8rpi6pwnj", "fields": {"session_data": "OTM4YzliNzdkOTM5NWI2YjYwNDk5ZmEyYzQ2YTFlMjc1MmM2MDM2NTp7Il9hdXRoX3VzZXJfaGFzaCI6IjE2MTFjNzU0ZjU2NDEzMzJlNGE0Y2VhOThmMWRiOWU1YTYyNWFlNDUiLCJfYXV0aF91c2VyX2JhY2tlbmQiOiJkamFuZ28uY29udHJpYi5hdXRoLmJhY2tlbmRzLk1vZGVsQmFja2VuZCIsIl9hdXRoX3VzZXJfaWQiOiIyIn0=", "expire_date": "2017-07-22T06:47:10.475"}}, {"model": "configuracion.configuracion", "pk": 1, "fields": {"tipo_corte": 0, "primer_dia": 15, "segundo_dia": 31, "nit": "1", "numero_cuenta": "1", "tipo_cuenta": "S", "h_recargo_nocturno_inicio": "21:00:00", "h_recargo_nocturno_fin": "06:00:00", "h_almuerzo_inicio": "12:00:00", "h_almuerzo_fin": "13:00:00", "descuento_salud": 10, "nocturna": 1, "dominical": 1, "nocturna_dominical": 10, "extra_diurna": 10, "extra_nocturna": 10, "extra_dominical_diurna": 10, "extra_dominical_nocturna": 10, "creator": 2, "last_editor": 2, "tarifario": [1, 2, 3]}}, {"model": "nomina.corte", "pk": 3, "fields": {"fecha_inicio": "2017-06-01", "fecha_de_adelanto": "2017-06-15", "fecha_fin": "2017-06-30", "cerrado": false, "nocturna": 1, "dominical": 1, "nocturna_dominical": 10, "descuento_salud": 10, "extra_diurna": 10, "extra_nocturna": 10, "extra_dominical_diurna": 10, "extra_dominical_nocturna": 10, "tarifario": []}}, {"model": "nomina.descuento", "pk": 1, "fields": {"corte": 3, "cantidad": "200.00", "eliminado": false, "eliminado_por": null, "contratos": [2, 3, 4, 5, 6, 7, 8, 9, 10, 11]}}, {"model": "nomina.nomina", "pk": 1, "fields": {"inicio_mes": "2017-06-01", "contrato": 9, "corte": 3, "fecha": "2017-07-12", "diurnas": null, "nocturna": null, "dominical_diurna": null, "dominical_nocturna": null, "extras": null, "extra_nocturna": null, "extra_dominical_diurna": null, "extra_dominical_nocturna": null}}, {"model": "nomina.nomina", "pk": 2, "fields": {"inicio_mes": "2017-06-01", "contrato": 8, "corte": 3, "fecha": "2017-07-12", "diurnas": "4.00", "nocturna": "18.00", "dominical_diurna": "0.00", "dominical_nocturna": "0.00", "extras": null, "extra_nocturna": null, "extra_dominical_diurna": null, "extra_dominical_nocturna": null}}, {"model": "nomina.nomina", "pk": 3, "fields": {"inicio_mes": "2017-06-01", "contrato": 7, "corte": 3, "fecha": "2017-07-12", "diurnas": "156.00", "nocturna": "0.00", "dominical_diurna": "0.00", "dominical_nocturna": "0.00", "extras": null, "extra_nocturna": null, "extra_dominical_diurna": null, "extra_dominical_nocturna": null}}, {"model": "nomina.nomina", "pk": 4, "fields": {"inicio_mes": "2017-06-01", "contrato": 10, "corte": 3, "fecha": "2017-07-12", "diurnas": "66.00", "nocturna": "0.00", "dominical_diurna": "0.00", "dominical_nocturna": "0.00", "extras": null, "extra_nocturna": null, "extra_dominical_diurna": null, "extra_dominical_nocturna": null}}, {"model": "nomina.nomina", "pk": 5, "fields": {"inicio_mes": "2017-06-01", "contrato": 11, "corte": 3, "fecha": "2017-07-12", "diurnas": "70.00", "nocturna": "41.00", "dominical_diurna": "0.00", "dominical_nocturna": "0.00", "extras": null, "extra_nocturna": null, "extra_dominical_diurna": null, "extra_dominical_nocturna": null}}, {"model": "nomina.nomina", "pk": 6, "fields": {"inicio_mes": "2017-06-01", "contrato": 12, "corte": 3, "fecha": "2017-07-12", "diurnas": "121.00", "nocturna": "34.00", "dominical_diurna": "0.00", "dominical_nocturna": "0.00", "extras": "0.00", "extra_nocturna": "0.00", "extra_dominical_diurna": "0.00", "extra_dominical_nocturna": "0.00"}}, {"model": "recursos_h.unidadproduccion", "pk": 1, "fields": {"nombre": "unidad1", "creator": 1, "last_editor": 1, "eliminado": false, "eliminado_por": null}}, {"model": "recursos_h.unidadproduccion", "pk": 2, "fields": {"nombre": "TON BUQUE DE GRANELES", "creator": 2, "last_editor": 2, "eliminado": false, "eliminado_por": null}}, {"model": "recursos_h.unidadproduccion", "pk": 3, "fields": {"nombre": "TON PAPEL", "creator": 2, "last_editor": 2, "eliminado": false, "eliminado_por": null}}, {"model": "recursos_h.unidadproduccion", "pk": 4, "fields": {"nombre": "TON TUBERIA", "creator": 2, "last_editor": 2, "eliminado": false, "eliminado_por": null}}, {"model": "recursos_h.unidadproduccion", "pk": 5, "fields": {"nombre": "MOVIMIENTOS BUQUE DE CONT", "creator": 2, "last_editor": 2, "eliminado": false, "eliminado_por": null}}, {"model": "recursos_h.unidadproduccion", "pk": 7, "fields": {"nombre": "TON BUQUE DE CONTENEDORES", "creator": 2, "last_editor": 2, "eliminado": false, "eliminado_por": null}}, {"model": "recursos_h.unidadproduccion", "pk": 8, "fields": {"nombre": "TON BUQUE DE GRANELES", "creator": 2, "last_editor": 2, "eliminado": false, "eliminado_por": null}}, {"model": "recursos_h.unidadproduccion", "pk": 9, "fields": {"nombre": "TURNOS TERRESTRES", "creator": 2, "last_editor": 2, "eliminado": false, "eliminado_por": null}}, {"model": "recursos_h.unidadproduccion", "pk": 10, "fields": {"nombre": "HORAS MARITIMAS", "creator": 2, "last_editor": 2, "eliminado": false, "eliminado_por": null}}, {"model": "recursos_h.unidadproduccion", "pk": 11, "fields": {"nombre": "TURNOS TERRESTRES", "creator": 2, "last_editor": 2, "eliminado": false, "eliminado_por": null}}, {"model": "recursos_h.unidadproduccion", "pk": 12, "fields": {"nombre": "TON BUQUE DE GRANELES", "creator": 2, "last_editor": 2, "eliminado": false, "eliminado_por": null}}, {"model": "recursos_h.cargo", "pk": 1, "fields": {"nombre": "TARJADOR MARITIMO", "creator": 1, "last_editor": 1, "eliminado": false, "eliminado_por": null, "unidades_produccion": []}}, {"model": "recursos_h.cargo", "pk": 2, "fields": {"nombre": "ESTIBADOR CARGA GENERAL", "creator": 1, "last_editor": 1, "eliminado": false, "eliminado_por": null, "unidades_produccion": [1]}}, {"model": "recursos_h.cargo", "pk": 3, "fields": {"nombre": "ESTIBADOR PATIO CONTENEDORES", "creator": 2, "last_editor": 2, "eliminado": false, "eliminado_por": null, "unidades_produccion": [1]}}, {"model": "recursos_h.cargo", "pk": 4, "fields": {"nombre": "SUPERVISOR OPERACIONES PORTUARIAS", "creator": 2, "last_editor": 2, "eliminado": false, "eliminado_por": null, "unidades_produccion": [1]}}, {"model": "recursos_h.cargo", "pk": 5, "fields": {"nombre": "WINCHEROS", "creator": 2, "last_editor": 2, "eliminado": false, "eliminado_por": null, "unidades_produccion": [2, 3, 4, 5]}}, {"model": "recursos_h.tarifario", "pk": 1, "fields": {"unidad": 2, "cargo": 5, "precio": "200.00", "remplazado_por": null, "creator": 2, "last_editor": 2, "eliminado": false, "eliminado_por": null}}, {"model": "recursos_h.tarifario", "pk": 2, "fields": {"unidad": 3, "cargo": 5, "precio": "500.00", "remplazado_por": null, "creator": 2, "last_editor": 2, "eliminado": false, "eliminado_por": null}}, {"model": "recursos_h.tarifario", "pk": 3, "fields": {"unidad": 4, "cargo": 5, "precio": "400.00", "remplazado_por": null, "creator": 2, "last_editor": 2, "eliminado": false, "eliminado_por": null}}, {"model": "recursos_h.tarifario", "pk": 4, "fields": {"unidad": 5, "cargo": 5, "precio": "1200.00", "remplazado_por": null, "creator": 2, "last_editor": 2, "eliminado": false, "eliminado_por": null}}, {"model": "recursos_h.tarifario", "pk": 5, "fields": {"unidad": 7, "cargo": 5, "precio": "500.00", "remplazado_por": null, "creator": 2, "last_editor": 2, "eliminado": false, "eliminado_por": null}}, {"model": "recursos_h.tarifario", "pk": 6, "fields": {"unidad": 10, "cargo": 4, "precio": "4000.00", "remplazado_por": null, "creator": 2, "last_editor": 2, "eliminado": false, "eliminado_por": null}}, {"model": "recursos_h.tarifario", "pk": 7, "fields": {"unidad": 9, "cargo": 4, "precio": "40000.00", "remplazado_por": null, "creator": 2, "last_editor": 2, "eliminado": false, "eliminado_por": null}}, {"model": "recursos_h.tarifario", "pk": 8, "fields": {"unidad": 5, "cargo": 4, "precio": "500.00", "remplazado_por": null, "creator": 2, "last_editor": 2, "eliminado": false, "eliminado_por": null}}, {"model": "recursos_h.tarifario", "pk": 9, "fields": {"unidad": 12, "cargo": 4, "precio": "30.00", "remplazado_por": null, "creator": 2, "last_editor": 2, "eliminado": false, "eliminado_por": null}}, {"model": "recursos_h.pension", "pk": 1, "fields": {"nombre": "COLPENSIONES", "codigo": "1", "creator": 2, "last_editor": 2, "eliminado": false, "eliminado_por": null}}, {"model": "recursos_h.pension", "pk": 2, "fields": {"nombre": "PORVENIR", "codigo": "1", "creator": 2, "last_editor": 2, "eliminado": false, "eliminado_por": null}}, {"model": "recursos_h.eps", "pk": 1, "fields": {"nombre": "COOMEVA", "codigo": "1", "creator": 2, "last_editor": 2, "eliminado": false, "eliminado_por": null}}, {"model": "recursos_h.eps", "pk": 2, "fields": {"nombre": "SURA", "codigo": "1", "creator": 2, "last_editor": 2, "eliminado": false, "eliminado_por": null}}, {"model": "recursos_h.eps", "pk": 3, "fields": {"nombre": "SALUD TOTAL", "codigo": "1", "creator": 2, "last_editor": 2, "eliminado": false, "eliminado_por": null}}, {"model": "recursos_h.eps", "pk": 4, "fields": {"nombre": "GOLDEN GROUP", "codigo": "1", "creator": 2, "last_editor": 2, "eliminado": false, "eliminado_por": null}}, {"model": "recursos_h.eps", "pk": 5, "fields": {"nombre": "COOSALUD", "codigo": "1", "creator": 2, "last_editor": 2, "eliminado": false, "eliminado_por": null}}, {"model": "recursos_h.eps", "pk": 6, "fields": {"nombre": "FAMISANAR", "codigo": "1", "creator": 2, "last_editor": 2, "eliminado": false, "eliminado_por": null}}, {"model": "recursos_h.eps", "pk": 7, "fields": {"nombre": "MUTUAL SER", "codigo": "1", "creator": 2, "last_editor": 2, "eliminado": false, "eliminado_por": null}}, {"model": "recursos_h.cesantia", "pk": 1, "fields": {"nombre": "PORVENIR", "codigo": "1", "creator": 2, "last_editor": 2, "eliminado": false, "eliminado_por": null}}, {"model": "recursos_h.cajacompensacion", "pk": 1, "fields": {"nombre": "COMFENALCO", "codigo": "1", "creator": 2, "last_editor": 2, "eliminado": false, "eliminado_por": null}}, {"model": "recursos_h.banco", "pk": 1, "fields": {"nombre": "BANCOLOMBIA", "codigo": "01", "creator": 2, "last_editor": 2, "eliminado": false, "eliminado_por": null}}, {"model": "recursos_h.banco", "pk": 2, "fields": {"nombre": "BANCO DE BOGOT\u00c1", "codigo": "01", "creator": null, "last_editor": null, "eliminado": false, "eliminado_por": null}}, {"model": "recursos_h.banco", "pk": 3, "fields": {"nombre": "BANCO POPULAR", "codigo": "02", "creator": null, "last_editor": null, "eliminado": false, "eliminado_por": null}}, {"model": "recursos_h.banco", "pk": 4, "fields": {"nombre": "BANCO CORPBANCA COLOMBIA S.A.", "codigo": "06", "creator": null, "last_editor": null, "eliminado": false, "eliminado_por": null}}, {"model": "recursos_h.banco", "pk": 5, "fields": {"nombre": "BANCOLOMBIA S.A.", "codigo": "07", "creator": null, "last_editor": null, "eliminado": false, "eliminado_por": null}}, {"model": "recursos_h.banco", "pk": 6, "fields": {"nombre": "CITIBANK COLOMBIA", "codigo": "09", "creator": null, "last_editor": null, "eliminado": false, "eliminado_por": null}}, {"model": "recursos_h.banco", "pk": 7, "fields": {"nombre": "BANCO GNB COLOMBIA S.A.", "codigo": "10", "creator": null, "last_editor": null, "eliminado": false, "eliminado_por": null}}, {"model": "recursos_h.banco", "pk": 8, "fields": {"nombre": "BANCO GNB SUDAMERIS COLOMBIA", "codigo": "12", "creator": null, "last_editor": null, "eliminado": false, "eliminado_por": null}}, {"model": "recursos_h.banco", "pk": 9, "fields": {"nombre": "BBVA COLOMBIA", "codigo": "13", "creator": null, "last_editor": null, "eliminado": false, "eliminado_por": null}}, {"model": "recursos_h.banco", "pk": 10, "fields": {"nombre": "HELM BANK", "codigo": "14", "creator": null, "last_editor": null, "eliminado": false, "eliminado_por": null}}, {"model": "recursos_h.banco", "pk": 11, "fields": {"nombre": "RED MULTIBANCA COLPATRIA S.A.", "codigo": "19", "creator": null, "last_editor": null, "eliminado": false, "eliminado_por": null}}, {"model": "recursos_h.banco", "pk": 12, "fields": {"nombre": "BANCO DE OCCIDENTE", "codigo": "23", "creator": null, "last_editor": null, "eliminado": false, "eliminado_por": null}}, {"model": "recursos_h.banco", "pk": 13, "fields": {"nombre": "BANCO DE COMERCIO EXTERIOR DE COLOMBIA S.A. (BANCOLDEX)", "codigo": "31", "creator": null, "last_editor": null, "eliminado": false, "eliminado_por": null}}, {"model": "recursos_h.banco", "pk": 14, "fields": {"nombre": "BANCO CAJA SOCIAL - BCSC S.A.", "codigo": "32", "creator": null, "last_editor": null, "eliminado": false, "eliminado_por": null}}, {"model": "recursos_h.banco", "pk": 15, "fields": {"nombre": "BANCO AGRARIO DE COLOMBIA S.A.", "codigo": "40", "creator": null, "last_editor": null, "eliminado": false, "eliminado_por": null}}, {"model": "recursos_h.banco", "pk": 16, "fields": {"nombre": "BANCO DAVIVIENDA S.A.", "codigo": "51", "creator": null, "last_editor": null, "eliminado": false, "eliminado_por": null}}, {"model": "recursos_h.banco", "pk": 17, "fields": {"nombre": "BANCO AV VILLAS", "codigo": "52", "creator": null, "last_editor": null, "eliminado": false, "eliminado_por": null}}, {"model": "recursos_h.banco", "pk": 18, "fields": {"nombre": "BANCO WWB S.A.", "codigo": "53", "creator": null, "last_editor": null, "eliminado": false, "eliminado_por": null}}, {"model": "recursos_h.banco", "pk": 19, "fields": {"nombre": "BANCO PROCREDIT", "codigo": "58", "creator": null, "last_editor": null, "eliminado": false, "eliminado_por": null}}, {"model": "recursos_h.banco", "pk": 20, "fields": {"nombre": "BANCAMIA", "codigo": "59", "creator": null, "last_editor": null, "eliminado": false, "eliminado_por": null}}, {"model": "recursos_h.banco", "pk": 21, "fields": {"nombre": "BANCO PICHINCHA S.A.", "codigo": "60", "creator": null, "last_editor": null, "eliminado": false, "eliminado_por": null}}, {"model": "recursos_h.banco", "pk": 22, "fields": {"nombre": "BANCOOMEVA", "codigo": "61", "creator": null, "last_editor": null, "eliminado": false, "eliminado_por": null}}, {"model": "recursos_h.banco", "pk": 23, "fields": {"nombre": "BANCO FALABELLA S.A.", "codigo": "62", "creator": null, "last_editor": null, "eliminado": false, "eliminado_por": null}}, {"model": "recursos_h.banco", "pk": 24, "fields": {"nombre": "BANCO FINANDINA S.A.", "codigo": "63", "creator": null, "last_editor": null, "eliminado": false, "eliminado_por": null}}, {"model": "recursos_h.banco", "pk": 25, "fields": {"nombre": "BANCO SANTANDER DE NEGOCIOS COLOMBIA S.A. - BANCO SANTANDER", "codigo": "65", "creator": null, "last_editor": null, "eliminado": false, "eliminado_por": null}}, {"model": "recursos_h.banco", "pk": 26, "fields": {"nombre": "BANCO COOPERATIVO COOPCENTRAL", "codigo": "66", "creator": null, "last_editor": null, "eliminado": false, "eliminado_por": null}}, {"model": "recursos_h.empleado", "pk": 1, "fields": {"nombre": "AFRANIO ENRIQUE", "apellidos": "PARRA RODRIGUEZ", "cedula": "73152066", "fecha_nacimiento": "1989-12-27", "cargo": 1, "pension": 1, "eps": 1, "cesantia": 1, "cajacompensacion": 1, "email": "ypicolal@gmail.com", "creator": 2, "last_editor": 2, "numero": "1", "banco": 5}}, {"model": "recursos_h.empleado", "pk": 2, "fields": {"nombre": "DAIRON YESEEP", "apellidos": "REY LUNA", "cedula": "1143366485", "fecha_nacimiento": "1989-12-27", "cargo": 1, "pension": 2, "eps": 2, "cesantia": 1, "cajacompensacion": 1, "email": "", "creator": 2, "last_editor": 2, "numero": "1", "banco": 1}}, {"model": "recursos_h.empleado", "pk": 3, "fields": {"nombre": "EDGAR ANTONIO", "apellidos": "COHEN ORTEGA", "cedula": "73088740", "fecha_nacimiento": "1989-12-27", "cargo": 1, "pension": 2, "eps": 3, "cesantia": 1, "cajacompensacion": 1, "email": "", "creator": 2, "last_editor": 2, "numero": "1", "banco": 1}}, {"model": "recursos_h.empleado", "pk": 4, "fields": {"nombre": "ELIAS", "apellidos": "VITOLA ACEVEDO", "cedula": "1143342223", "fecha_nacimiento": "1989-12-27", "cargo": 1, "pension": 2, "eps": 3, "cesantia": 1, "cajacompensacion": 1, "email": "", "creator": 2, "last_editor": 2, "numero": "1", "banco": 1}}, {"model": "recursos_h.empleado", "pk": 5, "fields": {"nombre": "ISIDORO", "apellidos": "VALDEZ REYES", "cedula": "1128063862", "fecha_nacimiento": "1989-12-27", "cargo": 1, "pension": 2, "eps": 4, "cesantia": 1, "cajacompensacion": 1, "email": "", "creator": 2, "last_editor": 2, "numero": "1", "banco": 1}}, {"model": "recursos_h.empleado", "pk": 6, "fields": {"nombre": "NELSON", "apellidos": "WATSS VIVANCO", "cedula": "73113531", "fecha_nacimiento": "1989-12-27", "cargo": 1, "pension": 2, "eps": 3, "cesantia": 1, "cajacompensacion": 1, "email": "", "creator": 2, "last_editor": 2, "numero": "1", "banco": 1}}, {"model": "recursos_h.empleado", "pk": 7, "fields": {"nombre": "HECTOR JULIAN", "apellidos": "CARDALES DE AVILA", "cedula": "73082581", "fecha_nacimiento": "2017-07-10", "cargo": 2, "pension": 2, "eps": 3, "cesantia": 1, "cajacompensacion": 1, "email": "", "creator": 2, "last_editor": 2, "numero": "1", "banco": 1}}, {"model": "recursos_h.empleado", "pk": 8, "fields": {"nombre": "LUIS RAFAEL", "apellidos": "CASTLLO MATURANA", "cedula": "73198267", "fecha_nacimiento": "2017-07-10", "cargo": 2, "pension": 2, "eps": 5, "cesantia": 1, "cajacompensacion": 1, "email": "", "creator": 2, "last_editor": 2, "numero": "1", "banco": 1}}, {"model": "recursos_h.empleado", "pk": 9, "fields": {"nombre": "RODRIGO", "apellidos": "CARDALES REYES", "cedula": "1047404998", "fecha_nacimiento": "2017-05-01", "cargo": 2, "pension": 2, "eps": 3, "cesantia": 1, "cajacompensacion": 1, "email": "", "creator": 2, "last_editor": 2, "numero": "1", "banco": 1}}, {"model": "recursos_h.empleado", "pk": 10, "fields": {"nombre": "RONALD", "apellidos": "HERRERA DE LA ROSA", "cedula": "73190496", "fecha_nacimiento": "2017-07-10", "cargo": 2, "pension": 2, "eps": 3, "cesantia": 1, "cajacompensacion": 1, "email": "", "creator": 2, "last_editor": 2, "numero": "1", "banco": 1}}, {"model": "recursos_h.empleado", "pk": 11, "fields": {"nombre": "ALFONSO", "apellidos": "GARCERANT LLAMAS", "cedula": "1047399853", "fecha_nacimiento": "2017-07-11", "cargo": 3, "pension": 2, "eps": 6, "cesantia": 1, "cajacompensacion": 1, "email": "", "creator": 2, "last_editor": 2, "numero": "1", "banco": 1}}, {"model": "recursos_h.empleado", "pk": 12, "fields": {"nombre": "JOHN JAIRO", "apellidos": "RAMIREZ CONTRERAS", "cedula": "73180625", "fecha_nacimiento": "2017-07-11", "cargo": 3, "pension": 2, "eps": 7, "cesantia": 1, "cajacompensacion": 1, "email": "ypicoleal@gmail.com", "creator": 2, "last_editor": 2, "numero": "1", "banco": 5}}, {"model": "recursos_h.empleado", "pk": 13, "fields": {"nombre": "ALEXANDER", "apellidos": "BANQUEZ ARRIETA", "cedula": "73156764", "fecha_nacimiento": "2017-07-13", "cargo": 4, "pension": 1, "eps": 2, "cesantia": 1, "cajacompensacion": 1, "email": "ypicoleal@gmail.com", "creator": 2, "last_editor": 2, "numero": "78496466461", "banco": 5}}, {"model": "recursos_h.empleado", "pk": 14, "fields": {"nombre": "ALFREDO", "apellidos": "PEREZ DIAZ", "cedula": "73072231", "fecha_nacimiento": "2017-07-13", "cargo": 5, "pension": 1, "eps": 1, "cesantia": 1, "cajacompensacion": 1, "email": "ypicolal@gmail.com", "creator": 2, "last_editor": 2, "numero": "78433325957", "banco": 5}}, {"model": "recursos_h.empleado", "pk": 15, "fields": {"nombre": "CRYSTIAN ANDRES", "apellidos": "BALLESTAS BELE\u00d1O", "cedula": "1044920782", "fecha_nacimiento": "2017-07-13", "cargo": 5, "pension": 1, "eps": 1, "cesantia": 1, "cajacompensacion": 1, "email": "ypicoleal@gmail.com", "creator": 2, "last_editor": 2, "numero": "17588527093", "banco": 5}}, {"model": "recursos_h.empleado", "pk": 16, "fields": {"nombre": "WILSON RAFAEL", "apellidos": "GAMARRA HERAZO", "cedula": "73095514", "fecha_nacimiento": "2017-07-13", "cargo": 5, "pension": 2, "eps": 1, "cesantia": 1, "cajacompensacion": 1, "email": "ypicoleal@gmail.com", "creator": 2, "last_editor": 2, "numero": "17520328424", "banco": 1}}, {"model": "recursos_h.empleado", "pk": 17, "fields": {"nombre": "PEDRO ANASTACIO", "apellidos": "RAMOS MACEA", "cedula": "73088602", "fecha_nacimiento": "2017-07-13", "cargo": 5, "pension": 2, "eps": 2, "cesantia": 1, "cajacompensacion": 1, "email": "yamidpico@exile.com.co", "creator": 2, "last_editor": 2, "numero": "50477814573", "banco": 5}}, {"model": "recursos_h.empleado", "pk": 18, "fields": {"nombre": "DALMIRO JOSE", "apellidos": "FRANCO ORTIZ", "cedula": "73146445", "fecha_nacimiento": "2017-07-13", "cargo": 4, "pension": 1, "eps": 1, "cesantia": 1, "cajacompensacion": 1, "email": "ypicoleal@gmail.com", "creator": 2, "last_editor": 2, "numero": "49548922169", "banco": 5}}, {"model": "recursos_h.empleado", "pk": 19, "fields": {"nombre": "JUAN DE LA CRUZ", "apellidos": "PAJARO RODRIGUEZ", "cedula": "1050958058", "fecha_nacimiento": "2017-07-13", "cargo": 5, "pension": 2, "eps": 1, "cesantia": 1, "cajacompensacion": 1, "email": "ypicoleal@gmail.com", "creator": 2, "last_editor": 2, "numero": "78490536093", "banco": 5}}, {"model": "recursos_h.empleado", "pk": 20, "fields": {"nombre": "EDWIN ANTONIO", "apellidos": "MERCADO VILLAREAL", "cedula": "1047417575", "fecha_nacimiento": "2017-07-13", "cargo": 4, "pension": 1, "eps": 1, "cesantia": 1, "cajacompensacion": 1, "email": "ypicolal@gmail.com", "creator": 2, "last_editor": 2, "numero": "67826105256", "banco": 5}}, {"model": "recursos_h.empleado", "pk": 21, "fields": {"nombre": "JORGE LUIS", "apellidos": "ESCALANTE ROSADO", "cedula": "8671060", "fecha_nacimiento": "2017-07-13", "cargo": 5, "pension": 2, "eps": 1, "cesantia": 1, "cajacompensacion": 1, "email": "yamidpico@exile.com.co", "creator": 2, "last_editor": 2, "numero": "17548301726", "banco": 1}}, {"model": "recursos_h.empleado", "pk": 22, "fields": {"nombre": "ERIC NELSON", "apellidos": "HOWKINS PAYARES", "cedula": "9082819", "fecha_nacimiento": "2017-07-13", "cargo": 4, "pension": 1, "eps": 1, "cesantia": 1, "cajacompensacion": 1, "email": "ypicoleal@gmail.com", "creator": 2, "last_editor": 2, "numero": "67821626916", "banco": 5}}, {"model": "recursos_h.tipocontrato", "pk": 1, "fields": {"nombre": "Contrato laboral", "modalidad": 2, "creator": 2, "last_editor": 2, "eliminado": false, "eliminado_por": null}}, {"model": "recursos_h.tipocontrato", "pk": 2, "fields": {"nombre": "Producci\u00f3n", "modalidad": 1, "creator": 2, "last_editor": 2, "eliminado": false, "eliminado_por": null}}, {"model": "recursos_h.tipocontrato", "pk": 3, "fields": {"nombre": "Prestaci\u00f3n de servicios", "modalidad": 2, "creator": 2, "last_editor": 2, "eliminado": false, "eliminado_por": null}}, {"model": "recursos_h.contrato", "pk": 1, "fields": {"empleado": 1, "tipo_contrato": 1, "salario_base": "737715.00", "subsidio_transporte": "0.00", "fecha_inicio": "2014-01-21", "fecha_finalizacion": null, "descanso_turno": false, "inicio_descanso": null, "duracion_descanso": null, "horas_trabajo": 8, "horas_trabajo_semanal": 40, "horas_trabajo_corte": 160, "creator": 2, "last_editor": 2, "eliminado": false, "eliminado_por": null}}, {"model": "recursos_h.contrato", "pk": 2, "fields": {"empleado": 2, "tipo_contrato": 1, "salario_base": "737715.00", "subsidio_transporte": "0.00", "fecha_inicio": "2017-03-25", "fecha_finalizacion": null, "descanso_turno": false, "inicio_descanso": null, "duracion_descanso": null, "horas_trabajo": 8, "horas_trabajo_semanal": 40, "horas_trabajo_corte": 160, "creator": 2, "last_editor": 2, "eliminado": false, "eliminado_por": null}}, {"model": "recursos_h.contrato", "pk": 3, "fields": {"empleado": 3, "tipo_contrato": 1, "salario_base": "737715.00", "subsidio_transporte": "0.00", "fecha_inicio": "2014-01-01", "fecha_finalizacion": null, "descanso_turno": false, "inicio_descanso": null, "duracion_descanso": null, "horas_trabajo": 8, "horas_trabajo_semanal": 40, "horas_trabajo_corte": 160, "creator": 2, "last_editor": 2, "eliminado": false, "eliminado_por": null}}, {"model": "recursos_h.contrato", "pk": 4, "fields": {"empleado": 4, "tipo_contrato": 1, "salario_base": "737715.00", "subsidio_transporte": "0.00", "fecha_inicio": "2016-12-29", "fecha_finalizacion": null, "descanso_turno": false, "inicio_descanso": null, "duracion_descanso": null, "horas_trabajo": 8, "horas_trabajo_semanal": 40, "horas_trabajo_corte": 160, "creator": 2, "last_editor": 2, "eliminado": false, "eliminado_por": null}}, {"model": "recursos_h.contrato", "pk": 5, "fields": {"empleado": 5, "tipo_contrato": 1, "salario_base": "737715.00", "subsidio_transporte": "0.00", "fecha_inicio": "2016-02-16", "fecha_finalizacion": null, "descanso_turno": false, "inicio_descanso": null, "duracion_descanso": null, "horas_trabajo": 8, "horas_trabajo_semanal": 40, "horas_trabajo_corte": 160, "creator": 2, "last_editor": 2, "eliminado": false, "eliminado_por": null}}, {"model": "recursos_h.contrato", "pk": 6, "fields": {"empleado": 6, "tipo_contrato": 1, "salario_base": "737715.00", "subsidio_transporte": "0.00", "fecha_inicio": "2014-01-01", "fecha_finalizacion": null, "descanso_turno": false, "inicio_descanso": null, "duracion_descanso": null, "horas_trabajo": 8, "horas_trabajo_semanal": 40, "horas_trabajo_corte": 160, "creator": 2, "last_editor": 2, "eliminado": false, "eliminado_por": null}}, {"model": "recursos_h.contrato", "pk": 7, "fields": {"empleado": 7, "tipo_contrato": 1, "salario_base": "737715.00", "subsidio_transporte": "83140.00", "fecha_inicio": "2016-02-16", "fecha_finalizacion": null, "descanso_turno": false, "inicio_descanso": null, "duracion_descanso": null, "horas_trabajo": 8, "horas_trabajo_semanal": 48, "horas_trabajo_corte": 240, "creator": 2, "last_editor": 2, "eliminado": false, "eliminado_por": null}}, {"model": "recursos_h.contrato", "pk": 8, "fields": {"empleado": 8, "tipo_contrato": 1, "salario_base": "737715.00", "subsidio_transporte": "83140.00", "fecha_inicio": "2016-10-22", "fecha_finalizacion": null, "descanso_turno": false, "inicio_descanso": 0, "duracion_descanso": null, "horas_trabajo": 8, "horas_trabajo_semanal": 48, "horas_trabajo_corte": 240, "creator": 2, "last_editor": 2, "eliminado": false, "eliminado_por": null}}, {"model": "recursos_h.contrato", "pk": 9, "fields": {"empleado": 9, "tipo_contrato": 1, "salario_base": "737715.00", "subsidio_transporte": "83140.00", "fecha_inicio": "2016-02-16", "fecha_finalizacion": null, "descanso_turno": false, "inicio_descanso": null, "duracion_descanso": null, "horas_trabajo": 8, "horas_trabajo_semanal": 48, "horas_trabajo_corte": 240, "creator": 2, "last_editor": 2, "eliminado": false, "eliminado_por": null}}, {"model": "recursos_h.contrato", "pk": 10, "fields": {"empleado": 10, "tipo_contrato": 1, "salario_base": "737715.00", "subsidio_transporte": "83140.00", "fecha_inicio": "2016-02-05", "fecha_finalizacion": null, "descanso_turno": false, "inicio_descanso": null, "duracion_descanso": null, "horas_trabajo": 8, "horas_trabajo_semanal": 48, "horas_trabajo_corte": 240, "creator": 2, "last_editor": 2, "eliminado": false, "eliminado_por": null}}, {"model": "recursos_h.contrato", "pk": 11, "fields": {"empleado": 11, "tipo_contrato": 1, "salario_base": "737715.00", "subsidio_transporte": "83140.00", "fecha_inicio": "2014-01-01", "fecha_finalizacion": null, "descanso_turno": false, "inicio_descanso": null, "duracion_descanso": null, "horas_trabajo": 8, "horas_trabajo_semanal": 48, "horas_trabajo_corte": 240, "creator": 2, "last_editor": 2, "eliminado": false, "eliminado_por": null}}, {"model": "recursos_h.contrato", "pk": 12, "fields": {"empleado": 12, "tipo_contrato": 1, "salario_base": "737715.00", "subsidio_transporte": "83140.00", "fecha_inicio": "2016-11-01", "fecha_finalizacion": null, "descanso_turno": false, "inicio_descanso": null, "duracion_descanso": null, "horas_trabajo": 8, "horas_trabajo_semanal": 48, "horas_trabajo_corte": 240, "creator": 2, "last_editor": 2, "eliminado": false, "eliminado_por": null}}, {"model": "recursos_h.contrato", "pk": 13, "fields": {"empleado": 16, "tipo_contrato": 2, "salario_base": "737715.00", "subsidio_transporte": "83140.00", "fecha_inicio": "2014-02-19", "fecha_finalizacion": null, "descanso_turno": false, "inicio_descanso": null, "duracion_descanso": null, "horas_trabajo": 8, "horas_trabajo_semanal": 48, "horas_trabajo_corte": 240, "creator": 2, "last_editor": 2, "eliminado": false, "eliminado_por": null}}, {"model": "recursos_h.contrato", "pk": 14, "fields": {"empleado": 13, "tipo_contrato": 2, "salario_base": "737715.00", "subsidio_transporte": "83140.00", "fecha_inicio": "2014-01-01", "fecha_finalizacion": null, "descanso_turno": false, "inicio_descanso": null, "duracion_descanso": null, "horas_trabajo": 8, "horas_trabajo_semanal": 48, "horas_trabajo_corte": 240, "creator": 2, "last_editor": 2, "eliminado": false, "eliminado_por": null}}, {"model": "recursos_h.contrato", "pk": 15, "fields": {"empleado": 17, "tipo_contrato": 2, "salario_base": "737715.00", "subsidio_transporte": "83140.00", "fecha_inicio": "2015-11-16", "fecha_finalizacion": null, "descanso_turno": false, "inicio_descanso": null, "duracion_descanso": null, "horas_trabajo": 8, "horas_trabajo_semanal": 48, "horas_trabajo_corte": 240, "creator": 2, "last_editor": 2, "eliminado": false, "eliminado_por": null}}, {"model": "recursos_h.contrato", "pk": 16, "fields": {"empleado": 14, "tipo_contrato": 2, "salario_base": "737717.00", "subsidio_transporte": "83140.00", "fecha_inicio": "2014-11-05", "fecha_finalizacion": null, "descanso_turno": false, "inicio_descanso": null, "duracion_descanso": null, "horas_trabajo": 8, "horas_trabajo_semanal": 48, "horas_trabajo_corte": 240, "creator": 2, "last_editor": 2, "eliminado": false, "eliminado_por": null}}, {"model": "recursos_h.contrato", "pk": 17, "fields": {"empleado": 19, "tipo_contrato": 2, "salario_base": "737715.00", "subsidio_transporte": "83140.00", "fecha_inicio": "2014-01-01", "fecha_finalizacion": null, "descanso_turno": false, "inicio_descanso": null, "duracion_descanso": null, "horas_trabajo": 8, "horas_trabajo_semanal": 48, "horas_trabajo_corte": 240, "creator": 2, "last_editor": 2, "eliminado": false, "eliminado_por": null}}, {"model": "recursos_h.contrato", "pk": 18, "fields": {"empleado": 15, "tipo_contrato": 2, "salario_base": "737717.00", "subsidio_transporte": "83140.00", "fecha_inicio": "2016-08-29", "fecha_finalizacion": null, "descanso_turno": false, "inicio_descanso": null, "duracion_descanso": null, "horas_trabajo": 8, "horas_trabajo_semanal": 48, "horas_trabajo_corte": 240, "creator": 2, "last_editor": 2, "eliminado": false, "eliminado_por": null}}, {"model": "recursos_h.contrato", "pk": 19, "fields": {"empleado": 18, "tipo_contrato": 2, "salario_base": "737717.00", "subsidio_transporte": "83140.00", "fecha_inicio": "2015-09-22", "fecha_finalizacion": null, "descanso_turno": false, "inicio_descanso": null, "duracion_descanso": null, "horas_trabajo": 8, "horas_trabajo_semanal": 48, "horas_trabajo_corte": 240, "creator": 2, "last_editor": 2, "eliminado": false, "eliminado_por": null}}, {"model": "recursos_h.contrato", "pk": 20, "fields": {"empleado": 21, "tipo_contrato": 2, "salario_base": "737715.00", "subsidio_transporte": "83140.00", "fecha_inicio": "2015-11-22", "fecha_finalizacion": null, "descanso_turno": false, "inicio_descanso": null, "duracion_descanso": null, "horas_trabajo": 8, "horas_trabajo_semanal": 48, "horas_trabajo_corte": 240, "creator": 2, "last_editor": 2, "eliminado": false, "eliminado_por": null}}, {"model": "recursos_h.contrato", "pk": 21, "fields": {"empleado": 20, "tipo_contrato": 2, "salario_base": "737717.00", "subsidio_transporte": "83140.00", "fecha_inicio": "2017-01-05", "fecha_finalizacion": null, "descanso_turno": false, "inicio_descanso": null, "duracion_descanso": null, "horas_trabajo": 8, "horas_trabajo_semanal": 48, "horas_trabajo_corte": 240, "creator": 2, "last_editor": 2, "eliminado": false, "eliminado_por": null}}, {"model": "recursos_h.contrato", "pk": 22, "fields": {"empleado": 22, "tipo_contrato": 2, "salario_base": "737715.00", "subsidio_transporte": "83140.00", "fecha_inicio": "2014-03-13", "fecha_finalizacion": null, "descanso_turno": false, "inicio_descanso": null, "duracion_descanso": null, "horas_trabajo": 8, "horas_trabajo_semanal": 48, "horas_trabajo_corte": 240, "creator": 2, "last_editor": 2, "eliminado": false, "eliminado_por": null}}, {"model": "turno.rangofecha", "pk": 355, "fields": {"fecha_inicio": "2017-06-29T07:00:00", "fecha_fin": "2017-06-28T23:00:00"}}, {"model": "turno.rangofecha", "pk": 976, "fields": {"fecha_inicio": "2017-06-28T15:00:00", "fecha_fin": "2017-06-28T17:00:00"}}, {"model": "turno.rangofecha", "pk": 977, "fields": {"fecha_inicio": "2017-06-29T03:00:00", "fecha_fin": "2017-06-29T06:00:00"}}, {"model": "turno.rangofecha", "pk": 978, "fields": {"fecha_inicio": "2017-06-29T06:00:00", "fecha_fin": "2017-06-29T11:00:00"}}, {"model": "turno.rangofecha", "pk": 979, "fields": {"fecha_inicio": "2017-06-29T11:00:00", "fecha_fin": "2017-06-29T17:00:00"}}, {"model": "turno.rangofecha", "pk": 980, "fields": {"fecha_inicio": "2017-06-30T03:00:00", "fecha_fin": "2017-06-30T06:00:00"}}, {"model": "turno.rangofecha", "pk": 981, "fields": {"fecha_inicio": "2017-06-30T06:00:00", "fecha_fin": "2017-06-30T11:00:00"}}, {"model": "turno.rangofecha", "pk": 1067, "fields": {"fecha_inicio": "2017-06-09T07:00:00", "fecha_fin": "2017-06-09T19:00:00"}}, {"model": "turno.rangofecha", "pk": 1240, "fields": {"fecha_inicio": "2017-06-10T07:00:00", "fecha_fin": "2017-06-10T19:00:00"}}, {"model": "turno.rangofecha", "pk": 1241, "fields": {"fecha_inicio": "2017-06-12T07:00:00", "fecha_fin": "2017-06-12T19:00:00"}}, {"model": "turno.rangofecha", "pk": 1242, "fields": {"fecha_inicio": "2017-06-12T07:00:00", "fecha_fin": "2017-06-12T19:00:00"}}, {"model": "turno.rangofecha", "pk": 1243, "fields": {"fecha_inicio": "2017-06-13T07:00:00", "fecha_fin": "2017-06-13T19:00:00"}}, {"model": "turno.rangofecha", "pk": 1244, "fields": {"fecha_inicio": "2017-06-13T07:00:00", "fecha_fin": "2017-06-13T19:00:00"}}, {"model": "turno.rangofecha", "pk": 1245, "fields": {"fecha_inicio": "2017-06-14T07:00:00", "fecha_fin": "2017-06-14T19:00:00"}}, {"model": "turno.rangofecha", "pk": 1246, "fields": {"fecha_inicio": "2017-06-14T07:00:00", "fecha_fin": "2017-06-14T19:00:00"}}, {"model": "turno.rangofecha", "pk": 1247, "fields": {"fecha_inicio": "2017-06-15T07:00:00", "fecha_fin": "2017-06-15T19:00:00"}}, {"model": "turno.rangofecha", "pk": 1248, "fields": {"fecha_inicio": "2017-06-15T07:00:00", "fecha_fin": "2017-06-15T19:00:00"}}, {"model": "turno.rangofecha", "pk": 1249, "fields": {"fecha_inicio": "2017-06-16T07:00:00", "fecha_fin": "2017-06-16T19:00:00"}}, {"model": "turno.rangofecha", "pk": 1279, "fields": {"fecha_inicio": "2017-06-26T07:00:00", "fecha_fin": "2017-06-26T19:00:00"}}, {"model": "turno.rangofecha", "pk": 1280, "fields": {"fecha_inicio": "2017-06-26T07:00:00", "fecha_fin": "2017-06-26T19:00:00"}}, {"model": "turno.rangofecha", "pk": 1281, "fields": {"fecha_inicio": "2017-06-26T07:00:00", "fecha_fin": "2017-06-26T17:00:00"}}, {"model": "turno.rangofecha", "pk": 1282, "fields": {"fecha_inicio": "2017-06-26T07:00:00", "fecha_fin": "2017-06-26T19:00:00"}}, {"model": "turno.rangofecha", "pk": 1283, "fields": {"fecha_inicio": "2017-06-27T07:00:00", "fecha_fin": "2017-06-27T19:00:00"}}, {"model": "turno.rangofecha", "pk": 1284, "fields": {"fecha_inicio": "2017-06-27T07:00:00", "fecha_fin": "2017-06-27T19:00:00"}}, {"model": "turno.rangofecha", "pk": 1285, "fields": {"fecha_inicio": "2017-06-27T07:00:00", "fecha_fin": "2017-06-27T19:00:00"}}, {"model": "turno.rangofecha", "pk": 1286, "fields": {"fecha_inicio": "2017-06-27T07:00:00", "fecha_fin": "2017-06-27T19:00:00"}}, {"model": "turno.rangofecha", "pk": 1287, "fields": {"fecha_inicio": "2017-06-28T07:00:00", "fecha_fin": "2017-06-28T19:00:00"}}, {"model": "turno.rangofecha", "pk": 1288, "fields": {"fecha_inicio": "2017-06-28T07:00:00", "fecha_fin": "2017-06-28T19:00:00"}}, {"model": "turno.rangofecha", "pk": 1289, "fields": {"fecha_inicio": "2017-06-28T07:00:00", "fecha_fin": "2017-06-28T19:00:00"}}, {"model": "turno.rangofecha", "pk": 1290, "fields": {"fecha_inicio": "2017-06-28T07:00:00", "fecha_fin": "2017-06-28T19:00:00"}}, {"model": "turno.rangofecha", "pk": 1291, "fields": {"fecha_inicio": "2017-06-29T07:00:00", "fecha_fin": "2017-06-29T19:00:00"}}, {"model": "turno.rangofecha", "pk": 1292, "fields": {"fecha_inicio": "2017-06-29T07:00:00", "fecha_fin": "2017-06-29T19:00:00"}}, {"model": "turno.rangofecha", "pk": 1293, "fields": {"fecha_inicio": "2017-06-29T07:00:00", "fecha_fin": "2017-06-29T18:00:00"}}, {"model": "turno.rangofecha", "pk": 1294, "fields": {"fecha_inicio": "2017-06-29T07:00:00", "fecha_fin": "2017-06-29T18:00:00"}}, {"model": "turno.rangofecha", "pk": 1295, "fields": {"fecha_inicio": "2017-06-30T07:00:00", "fecha_fin": "2017-06-30T15:00:00"}}, {"model": "turno.rangofecha", "pk": 1296, "fields": {"fecha_inicio": "2017-06-30T07:00:00", "fecha_fin": "2017-06-30T15:00:00"}}, {"model": "turno.rangofecha", "pk": 1297, "fields": {"fecha_inicio": "2017-06-30T21:00:00", "fecha_fin": "2017-06-30T22:00:00"}}, {"model": "turno.rangofecha", "pk": 1298, "fields": {"fecha_inicio": "2017-06-30T15:00:00", "fecha_fin": "2017-06-30T21:00:00"}}, {"model": "turno.rangofecha", "pk": 1299, "fields": {"fecha_inicio": "2017-06-30T21:00:00", "fecha_fin": "2017-06-30T22:00:00"}}, {"model": "turno.rangofecha", "pk": 1300, "fields": {"fecha_inicio": "2017-06-30T15:00:00", "fecha_fin": "2017-06-30T21:00:00"}}, {"model": "turno.rangofecha", "pk": 1301, "fields": {"fecha_inicio": "2017-06-01T03:00:00", "fecha_fin": "2017-06-01T06:00:00"}}, {"model": "turno.rangofecha", "pk": 1302, "fields": {"fecha_inicio": "2017-06-01T06:00:00", "fecha_fin": "2017-06-01T11:00:00"}}, {"model": "turno.rangofecha", "pk": 1303, "fields": {"fecha_inicio": "2017-06-01T11:00:00", "fecha_fin": "2017-06-01T20:00:00"}}, {"model": "turno.rangofecha", "pk": 1304, "fields": {"fecha_inicio": "2017-06-02T03:00:00", "fecha_fin": "2017-06-02T06:00:00"}}, {"model": "turno.rangofecha", "pk": 1305, "fields": {"fecha_inicio": "2017-06-02T06:00:00", "fecha_fin": "2017-06-02T11:00:00"}}, {"model": "turno.rangofecha", "pk": 1306, "fields": {"fecha_inicio": "2017-06-07T03:00:00", "fecha_fin": "2017-06-07T06:00:00"}}, {"model": "turno.rangofecha", "pk": 1307, "fields": {"fecha_inicio": "2017-06-07T06:00:00", "fecha_fin": "2017-06-07T12:00:00"}}, {"model": "turno.rangofecha", "pk": 1308, "fields": {"fecha_inicio": "2017-06-08T03:00:00", "fecha_fin": "2017-06-08T06:00:00"}}, {"model": "turno.rangofecha", "pk": 1309, "fields": {"fecha_inicio": "2017-06-08T06:00:00", "fecha_fin": "2017-06-08T11:00:00"}}, {"model": "turno.rangofecha", "pk": 1310, "fields": {"fecha_inicio": "2017-06-09T03:00:00", "fecha_fin": "2017-06-09T06:00:00"}}, {"model": "turno.rangofecha", "pk": 1311, "fields": {"fecha_inicio": "2017-06-09T06:00:00", "fecha_fin": "2017-06-09T11:00:00"}}, {"model": "turno.rangofecha", "pk": 1312, "fields": {"fecha_inicio": "2017-06-09T11:00:00", "fecha_fin": "2017-06-09T18:00:00"}}, {"model": "turno.rangofecha", "pk": 1313, "fields": {"fecha_inicio": "2017-06-10T03:00:00", "fecha_fin": "2017-06-10T06:00:00"}}, {"model": "turno.rangofecha", "pk": 1314, "fields": {"fecha_inicio": "2017-06-10T06:00:00", "fecha_fin": "2017-06-10T11:00:00"}}, {"model": "turno.rangofecha", "pk": 1315, "fields": {"fecha_inicio": "2017-06-10T11:00:00", "fecha_fin": "2017-06-10T17:00:00"}}, {"model": "turno.rangofecha", "pk": 1316, "fields": {"fecha_inicio": "2017-06-11T21:00:00", "fecha_fin": "2017-06-12T00:00:00"}}, {"model": "turno.rangofecha", "pk": 1317, "fields": {"fecha_inicio": "2017-06-12T00:00:00", "fecha_fin": "2017-06-12T03:00:00"}}, {"model": "turno.rangofecha", "pk": 1318, "fields": {"fecha_inicio": "2017-06-11T15:00:00", "fecha_fin": "2017-06-11T21:00:00"}}, {"model": "turno.rangofecha", "pk": 1319, "fields": {"fecha_inicio": "2017-06-12T21:00:00", "fecha_fin": "2017-06-12T23:00:00"}}, {"model": "turno.rangofecha", "pk": 1320, "fields": {"fecha_inicio": "2017-06-12T15:00:00", "fecha_fin": "2017-06-12T21:00:00"}}, {"model": "turno.rangofecha", "pk": 1321, "fields": {"fecha_inicio": "2017-06-12T04:00:00", "fecha_fin": "2017-06-12T06:00:00"}}, {"model": "turno.rangofecha", "pk": 1322, "fields": {"fecha_inicio": "2017-06-12T06:00:00", "fecha_fin": "2017-06-12T15:00:00"}}, {"model": "turno.rangofecha", "pk": 1323, "fields": {"fecha_inicio": "2017-06-13T03:00:00", "fecha_fin": "2017-06-13T06:00:00"}}, {"model": "turno.rangofecha", "pk": 1324, "fields": {"fecha_inicio": "2017-06-13T06:00:00", "fecha_fin": "2017-06-13T11:00:00"}}, {"model": "turno.rangofecha", "pk": 1325, "fields": {"fecha_inicio": "2017-06-13T11:00:00", "fecha_fin": "2017-06-13T17:00:00"}}, {"model": "turno.rangofecha", "pk": 1326, "fields": {"fecha_inicio": "2017-06-14T03:00:00", "fecha_fin": "2017-06-14T06:00:00"}}, {"model": "turno.rangofecha", "pk": 1327, "fields": {"fecha_inicio": "2017-06-14T06:00:00", "fecha_fin": "2017-06-14T11:00:00"}}, {"model": "turno.rangofecha", "pk": 1328, "fields": {"fecha_inicio": "2017-06-15T03:00:00", "fecha_fin": "2017-06-15T06:00:00"}}, {"model": "turno.rangofecha", "pk": 1329, "fields": {"fecha_inicio": "2017-06-15T06:00:00", "fecha_fin": "2017-06-15T11:00:00"}}, {"model": "turno.rangofecha", "pk": 1330, "fields": {"fecha_inicio": "2017-06-15T11:00:00", "fecha_fin": "2017-06-15T16:00:00"}}, {"model": "turno.rangofecha", "pk": 1331, "fields": {"fecha_inicio": "2017-06-16T03:00:00", "fecha_fin": "2017-06-16T06:00:00"}}, {"model": "turno.rangofecha", "pk": 1332, "fields": {"fecha_inicio": "2017-06-16T06:00:00", "fecha_fin": "2017-06-16T11:00:00"}}, {"model": "turno.rangofecha", "pk": 1333, "fields": {"fecha_inicio": "2017-06-16T11:00:00", "fecha_fin": "2017-06-16T17:00:00"}}, {"model": "turno.rangofecha", "pk": 1334, "fields": {"fecha_inicio": "2017-06-17T03:00:00", "fecha_fin": "2017-06-17T06:00:00"}}, {"model": "turno.rangofecha", "pk": 1335, "fields": {"fecha_inicio": "2017-06-17T06:00:00", "fecha_fin": "2017-06-17T15:00:00"}}, {"model": "turno.rangofecha", "pk": 1336, "fields": {"fecha_inicio": "2017-06-17T21:00:00", "fecha_fin": "2017-06-18T00:00:00"}}, {"model": "turno.rangofecha", "pk": 1337, "fields": {"fecha_inicio": "2017-06-17T15:00:00", "fecha_fin": "2017-06-17T21:00:00"}}, {"model": "turno.rangofecha", "pk": 1338, "fields": {"fecha_inicio": "2017-06-19T04:00:00", "fecha_fin": "2017-06-19T06:00:00"}}, {"model": "turno.rangofecha", "pk": 1339, "fields": {"fecha_inicio": "2017-06-19T06:00:00", "fecha_fin": "2017-06-19T12:00:00"}}, {"model": "turno.rangofecha", "pk": 1340, "fields": {"fecha_inicio": "2017-06-20T03:00:00", "fecha_fin": "2017-06-20T06:00:00"}}, {"model": "turno.rangofecha", "pk": 1341, "fields": {"fecha_inicio": "2017-06-20T06:00:00", "fecha_fin": "2017-06-20T12:00:00"}}, {"model": "turno.rangofecha", "pk": 1342, "fields": {"fecha_inicio": "2017-06-20T12:00:00", "fecha_fin": "2017-06-20T16:00:00"}}, {"model": "turno.rangofecha", "pk": 1343, "fields": {"fecha_inicio": "2017-06-21T03:00:00", "fecha_fin": "2017-06-21T06:00:00"}}, {"model": "turno.rangofecha", "pk": 1344, "fields": {"fecha_inicio": "2017-06-21T06:00:00", "fecha_fin": "2017-06-21T15:00:00"}}, {"model": "turno.rangofecha", "pk": 1345, "fields": {"fecha_inicio": "2017-06-21T03:00:00", "fecha_fin": "2017-06-21T06:00:00"}}, {"model": "turno.rangofecha", "pk": 1346, "fields": {"fecha_inicio": "2017-06-21T06:00:00", "fecha_fin": "2017-06-21T15:00:00"}}, {"model": "turno.rangofecha", "pk": 1347, "fields": {"fecha_inicio": "2017-06-22T11:00:00", "fecha_fin": "2017-06-22T17:00:00"}}, {"model": "turno.rangofecha", "pk": 1348, "fields": {"fecha_inicio": "2017-06-22T03:00:00", "fecha_fin": "2017-06-22T06:00:00"}}, {"model": "turno.rangofecha", "pk": 1349, "fields": {"fecha_inicio": "2017-06-22T06:00:00", "fecha_fin": "2017-06-22T11:00:00"}}, {"model": "turno.rangofecha", "pk": 1350, "fields": {"fecha_inicio": "2017-06-23T11:00:00", "fecha_fin": "2017-06-23T17:00:00"}}, {"model": "turno.rangofecha", "pk": 1351, "fields": {"fecha_inicio": "2017-06-23T03:00:00", "fecha_fin": "2017-06-23T06:00:00"}}, {"model": "turno.rangofecha", "pk": 1352, "fields": {"fecha_inicio": "2017-06-23T06:00:00", "fecha_fin": "2017-06-23T11:00:00"}}, {"model": "turno.rangofecha", "pk": 1353, "fields": {"fecha_inicio": "2017-06-24T11:00:00", "fecha_fin": "2017-06-24T17:00:00"}}, {"model": "turno.rangofecha", "pk": 1354, "fields": {"fecha_inicio": "2017-06-24T03:00:00", "fecha_fin": "2017-06-24T06:00:00"}}, {"model": "turno.rangofecha", "pk": 1355, "fields": {"fecha_inicio": "2017-06-24T06:00:00", "fecha_fin": "2017-06-24T11:00:00"}}, {"model": "turno.rangofecha", "pk": 1356, "fields": {"fecha_inicio": "2017-06-25T21:00:00", "fecha_fin": "2017-06-26T00:00:00"}}, {"model": "turno.rangofecha", "pk": 1357, "fields": {"fecha_inicio": "2017-06-26T00:00:00", "fecha_fin": "2017-06-26T03:00:00"}}, {"model": "turno.rangofecha", "pk": 1358, "fields": {"fecha_inicio": "2017-06-25T17:00:00", "fecha_fin": "2017-06-25T21:00:00"}}, {"model": "turno.rangofecha", "pk": 1359, "fields": {"fecha_inicio": "2017-06-27T03:00:00", "fecha_fin": "2017-06-27T06:00:00"}}, {"model": "turno.rangofecha", "pk": 1360, "fields": {"fecha_inicio": "2017-06-27T06:00:00", "fecha_fin": "2017-06-27T11:00:00"}}, {"model": "turno.rangofecha", "pk": 1361, "fields": {"fecha_inicio": "2017-06-27T11:00:00", "fecha_fin": "2017-06-27T17:00:00"}}, {"model": "turno.rangofecha", "pk": 1362, "fields": {"fecha_inicio": "2017-06-01T07:00:00", "fecha_fin": "2017-06-01T19:00:00"}}, {"model": "turno.rangofecha", "pk": 1363, "fields": {"fecha_inicio": "2017-06-02T07:00:00", "fecha_fin": "2017-06-02T19:00:00"}}, {"model": "turno.rangofecha", "pk": 1364, "fields": {"fecha_inicio": "2017-06-01T07:00:00", "fecha_fin": "2017-06-01T19:00:00"}}, {"model": "turno.rangofecha", "pk": 1365, "fields": {"fecha_inicio": "2017-06-01T21:00:00", "fecha_fin": "2017-06-02T00:00:00"}}, {"model": "turno.rangofecha", "pk": 1366, "fields": {"fecha_inicio": "2017-06-02T00:00:00", "fecha_fin": "2017-06-02T06:00:00"}}, {"model": "turno.rangofecha", "pk": 1367, "fields": {"fecha_inicio": "2017-06-01T19:00:00", "fecha_fin": "2017-06-01T21:00:00"}}, {"model": "turno.rangofecha", "pk": 1368, "fields": {"fecha_inicio": "2017-06-02T07:00:00", "fecha_fin": "2017-06-02T19:00:00"}}, {"model": "turno.rangofecha", "pk": 1369, "fields": {"fecha_inicio": "2017-06-07T07:00:00", "fecha_fin": "2017-06-07T19:00:00"}}, {"model": "turno.rangofecha", "pk": 1370, "fields": {"fecha_inicio": "2017-06-07T07:00:00", "fecha_fin": "2017-06-07T17:00:00"}}, {"model": "turno.rangofecha", "pk": 1371, "fields": {"fecha_inicio": "2017-06-08T07:00:00", "fecha_fin": "2017-06-08T19:00:00"}}, {"model": "turno.rangofecha", "pk": 1372, "fields": {"fecha_inicio": "2017-06-08T07:00:00", "fecha_fin": "2017-06-08T19:00:00"}}, {"model": "turno.rangofecha", "pk": 1373, "fields": {"fecha_inicio": "2017-06-09T07:00:00", "fecha_fin": "2017-06-09T19:00:00"}}, {"model": "turno.rangofecha", "pk": 1374, "fields": {"fecha_inicio": "2017-06-09T07:00:00", "fecha_fin": "2017-06-09T19:00:00"}}, {"model": "turno.rangofecha", "pk": 1375, "fields": {"fecha_inicio": "2017-06-05T07:00:00", "fecha_fin": "2017-06-05T19:00:00"}}, {"model": "turno.rangofecha", "pk": 1376, "fields": {"fecha_inicio": "2017-06-06T07:00:00", "fecha_fin": "2017-06-06T19:00:00"}}, {"model": "turno.rangofecha", "pk": 1377, "fields": {"fecha_inicio": "2017-06-04T21:00:00", "fecha_fin": "2017-06-05T00:00:00"}}, {"model": "turno.rangofecha", "pk": 1378, "fields": {"fecha_inicio": "2017-06-05T00:00:00", "fecha_fin": "2017-06-05T06:00:00"}}, {"model": "turno.rangofecha", "pk": 1379, "fields": {"fecha_inicio": "2017-06-04T15:00:00", "fecha_fin": "2017-06-04T21:00:00"}}, {"model": "turno.rangofecha", "pk": 1380, "fields": {"fecha_inicio": "2017-06-05T06:00:00", "fecha_fin": "2017-06-05T13:00:00"}}, {"model": "turno.rangofecha", "pk": 1381, "fields": {"fecha_inicio": "2017-06-03T07:00:00", "fecha_fin": "2017-06-03T19:00:00"}}, {"model": "turno.rangofecha", "pk": 1382, "fields": {"fecha_inicio": "2017-06-04T07:00:00", "fecha_fin": "2017-06-04T19:00:00"}}, {"model": "turno.rangofecha", "pk": 1383, "fields": {"fecha_inicio": "2017-06-06T07:00:00", "fecha_fin": "2017-06-06T19:00:00"}}, {"model": "turno.rangofecha", "pk": 1384, "fields": {"fecha_inicio": "2017-06-06T07:00:00", "fecha_fin": "2017-06-06T17:00:00"}}, {"model": "turno.rangofecha", "pk": 1385, "fields": {"fecha_inicio": "2017-06-07T07:00:00", "fecha_fin": "2017-06-07T19:00:00"}}, {"model": "turno.rangofecha", "pk": 1386, "fields": {"fecha_inicio": "2017-06-03T03:00:00", "fecha_fin": "2017-06-03T06:00:00"}}, {"model": "turno.rangofecha", "pk": 1387, "fields": {"fecha_inicio": "2017-06-03T06:00:00", "fecha_fin": "2017-06-03T13:00:00"}}, {"model": "turno.rangofecha", "pk": 1388, "fields": {"fecha_inicio": "2017-06-03T21:00:00", "fecha_fin": "2017-06-03T23:00:00"}}, {"model": "turno.rangofecha", "pk": 1389, "fields": {"fecha_inicio": "2017-06-03T13:00:00", "fecha_fin": "2017-06-03T21:00:00"}}, {"model": "turno.rangofecha", "pk": 1390, "fields": {"fecha_inicio": "2017-06-28T03:00:00", "fecha_fin": "2017-06-28T06:00:00"}}, {"model": "turno.rangofecha", "pk": 1391, "fields": {"fecha_inicio": "2017-06-28T06:00:00", "fecha_fin": "2017-06-28T15:00:00"}}, {"model": "turno.rangofecha", "pk": 1393, "fields": {"fecha_inicio": "2017-07-13T21:00:00", "fecha_fin": "2017-07-14T00:00:00"}}, {"model": "turno.rangofecha", "pk": 1394, "fields": {"fecha_inicio": "2017-07-14T00:00:00", "fecha_fin": "2017-07-14T06:00:00"}}, {"model": "turno.rangofecha", "pk": 1395, "fields": {"fecha_inicio": "2017-07-13T19:00:00", "fecha_fin": "2017-07-13T21:00:00"}}, {"model": "turno.rangofecha", "pk": 1396, "fields": {"fecha_inicio": "2017-07-14T06:00:00", "fecha_fin": "2017-07-14T07:00:00"}}, {"model": "turno.rangofecha", "pk": 1397, "fields": {"fecha_inicio": "2017-06-03T07:00:00", "fecha_fin": "2017-06-03T19:00:00"}}, {"model": "turno.rangofecha", "pk": 1398, "fields": {"fecha_inicio": "2017-06-02T21:00:00", "fecha_fin": "2017-06-03T00:00:00"}}, {"model": "turno.rangofecha", "pk": 1399, "fields": {"fecha_inicio": "2017-06-03T00:00:00", "fecha_fin": "2017-06-03T06:00:00"}}, {"model": "turno.rangofecha", "pk": 1400, "fields": {"fecha_inicio": "2017-06-02T19:00:00", "fecha_fin": "2017-06-02T21:00:00"}}, {"model": "turno.rangofecha", "pk": 1401, "fields": {"fecha_inicio": "2017-06-05T03:00:00", "fecha_fin": "2017-06-05T06:00:00"}}, {"model": "turno.rangofecha", "pk": 1402, "fields": {"fecha_inicio": "2017-06-05T06:00:00", "fecha_fin": "2017-06-05T11:00:00"}}, {"model": "turno.rangofecha", "pk": 1403, "fields": {"fecha_inicio": "2017-06-06T03:00:00", "fecha_fin": "2017-06-06T06:00:00"}}, {"model": "turno.rangofecha", "pk": 1404, "fields": {"fecha_inicio": "2017-06-06T06:00:00", "fecha_fin": "2017-06-06T11:00:00"}}, {"model": "turno.rangofecha", "pk": 1405, "fields": {"fecha_inicio": "2017-06-09T07:00:00", "fecha_fin": "2017-06-09T17:00:00"}}, {"model": "turno.rangofecha", "pk": 1406, "fields": {"fecha_inicio": "2017-06-10T07:00:00", "fecha_fin": "2017-06-10T19:00:00"}}, {"model": "turno.rangofecha", "pk": 1407, "fields": {"fecha_inicio": "2017-06-16T07:00:00", "fecha_fin": "2017-06-16T19:00:00"}}, {"model": "turno.rangofecha", "pk": 1408, "fields": {"fecha_inicio": "2017-06-16T10:00:00", "fecha_fin": "2017-06-16T16:00:00"}}, {"model": "turno.rangofecha", "pk": 1409, "fields": {"fecha_inicio": "2017-06-16T10:00:00", "fecha_fin": "2017-06-16T16:00:00"}}, {"model": "turno.rangofecha", "pk": 1410, "fields": {"fecha_inicio": "2017-06-17T07:00:00", "fecha_fin": "2017-06-17T19:00:00"}}, {"model": "turno.rangofecha", "pk": 1411, "fields": {"fecha_inicio": "2017-06-17T07:00:00", "fecha_fin": "2017-06-17T19:00:00"}}, {"model": "turno.rangofecha", "pk": 1412, "fields": {"fecha_inicio": "2017-06-17T07:00:00", "fecha_fin": "2017-06-17T15:00:00"}}, {"model": "turno.rangofecha", "pk": 1413, "fields": {"fecha_inicio": "2017-06-17T07:00:00", "fecha_fin": "2017-06-17T15:00:00"}}, {"model": "turno.rangofecha", "pk": 1414, "fields": {"fecha_inicio": "2017-06-20T07:00:00", "fecha_fin": "2017-06-20T17:00:00"}}, {"model": "turno.rangofecha", "pk": 1415, "fields": {"fecha_inicio": "2017-06-20T07:00:00", "fecha_fin": "2017-06-20T17:00:00"}}, {"model": "turno.rangofecha", "pk": 1416, "fields": {"fecha_inicio": "2017-06-20T21:00:00", "fecha_fin": "2017-06-21T00:00:00"}}, {"model": "turno.rangofecha", "pk": 1417, "fields": {"fecha_inicio": "2017-06-21T00:00:00", "fecha_fin": "2017-06-21T02:00:00"}}, {"model": "turno.rangofecha", "pk": 1418, "fields": {"fecha_inicio": "2017-06-20T17:00:00", "fecha_fin": "2017-06-20T21:00:00"}}, {"model": "turno.rangofecha", "pk": 1419, "fields": {"fecha_inicio": "2017-06-20T21:00:00", "fecha_fin": "2017-06-20T22:00:00"}}, {"model": "turno.rangofecha", "pk": 1420, "fields": {"fecha_inicio": "2017-06-20T17:00:00", "fecha_fin": "2017-06-20T21:00:00"}}, {"model": "turno.rangofecha", "pk": 1421, "fields": {"fecha_inicio": "2017-06-21T07:00:00", "fecha_fin": "2017-06-21T17:00:00"}}, {"model": "turno.rangofecha", "pk": 1422, "fields": {"fecha_inicio": "2017-06-21T07:00:00", "fecha_fin": "2017-06-21T17:00:00"}}, {"model": "turno.rangofecha", "pk": 1423, "fields": {"fecha_inicio": "2017-06-21T07:00:00", "fecha_fin": "2017-06-21T19:00:00"}}, {"model": "turno.rangofecha", "pk": 1424, "fields": {"fecha_inicio": "2017-06-21T07:00:00", "fecha_fin": "2017-06-21T19:00:00"}}, {"model": "turno.rangofecha", "pk": 1425, "fields": {"fecha_inicio": "2017-06-22T07:00:00", "fecha_fin": "2017-06-22T18:00:00"}}, {"model": "turno.rangofecha", "pk": 1426, "fields": {"fecha_inicio": "2017-06-22T17:00:00", "fecha_fin": "2017-06-22T19:00:00"}}, {"model": "turno.rangofecha", "pk": 1427, "fields": {"fecha_inicio": "2017-06-22T07:00:00", "fecha_fin": "2017-06-22T18:00:00"}}, {"model": "turno.rangofecha", "pk": 1428, "fields": {"fecha_inicio": "2017-06-23T07:00:00", "fecha_fin": "2017-06-23T19:00:00"}}, {"model": "turno.rangofecha", "pk": 1429, "fields": {"fecha_inicio": "2017-06-23T07:00:00", "fecha_fin": "2017-06-23T19:00:00"}}, {"model": "turno.rangofecha", "pk": 1430, "fields": {"fecha_inicio": "2017-06-23T07:00:00", "fecha_fin": "2017-06-23T19:00:00"}}, {"model": "turno.rangofecha", "pk": 1432, "fields": {"fecha_inicio": "2017-06-24T21:00:00", "fecha_fin": "2017-06-24T22:00:00"}}, {"model": "turno.rangofecha", "pk": 1433, "fields": {"fecha_inicio": "2017-06-24T19:00:00", "fecha_fin": "2017-06-24T21:00:00"}}, {"model": "turno.rangofecha", "pk": 1434, "fields": {"fecha_inicio": "2017-06-24T07:00:00", "fecha_fin": "2017-06-24T19:00:00"}}, {"model": "turno.rangofecha", "pk": 1435, "fields": {"fecha_inicio": "2017-06-25T09:00:00", "fecha_fin": "2017-06-25T17:00:00"}}, {"model": "turno.rangofecha", "pk": 1436, "fields": {"fecha_inicio": "2017-06-24T07:00:00", "fecha_fin": "2017-06-24T19:00:00"}}, {"model": "turno.rangofecha", "pk": 1439, "fields": {"fecha_inicio": "2017-06-30T11:00:00", "fecha_fin": "2017-06-30T17:00:00"}}, {"model": "turno.turno", "pk": 1, "fields": {"empleado": 7, "entrada": "2017-06-01T07:00:00", "salida": "2017-06-01T19:00:00", "descontar_almuerzo": true, "aprobado": true, "aprobado_user": 2, "creator": null, "last_editor": 2, "extras": [], "nocturna": [], "diurna": [1362], "dominical": []}}, {"model": "turno.turno", "pk": 2, "fields": {"empleado": 9, "entrada": "2017-06-01T07:00:00", "salida": "2017-06-01T19:00:00", "descontar_almuerzo": true, "aprobado": true, "aprobado_user": 2, "creator": null, "last_editor": 2, "extras": [], "nocturna": [], "diurna": [1364], "dominical": []}}, {"model": "turno.turno", "pk": 3, "fields": {"empleado": 8, "entrada": "2017-06-01T19:00:00", "salida": "2017-06-02T06:00:00", "descontar_almuerzo": true, "aprobado": true, "aprobado_user": 2, "creator": null, "last_editor": 2, "extras": [], "nocturna": [1365, 1366], "diurna": [1367], "dominical": []}}, {"model": "turno.turno", "pk": 4, "fields": {"empleado": 7, "entrada": "2017-06-02T07:00:00", "salida": "2017-06-02T19:00:00", "descontar_almuerzo": true, "aprobado": true, "aprobado_user": 2, "creator": null, "last_editor": 2, "extras": [], "nocturna": [], "diurna": [1368], "dominical": []}}, {"model": "turno.turno", "pk": 5, "fields": {"empleado": 9, "entrada": "2017-06-02T07:00:00", "salida": "2017-06-02T19:00:00", "descontar_almuerzo": true, "aprobado": true, "aprobado_user": 2, "creator": null, "last_editor": 2, "extras": [], "nocturna": [], "diurna": [1363], "dominical": []}}, {"model": "turno.turno", "pk": 6, "fields": {"empleado": 8, "entrada": "2017-06-02T19:00:00", "salida": "2017-06-03T06:00:00", "descontar_almuerzo": true, "aprobado": true, "aprobado_user": 2, "creator": null, "last_editor": 2, "extras": [], "nocturna": [1398, 1399], "diurna": [1400], "dominical": []}}, {"model": "turno.turno", "pk": 7, "fields": {"empleado": 7, "entrada": "2017-06-03T07:00:00", "salida": "2017-06-03T19:00:00", "descontar_almuerzo": true, "aprobado": true, "aprobado_user": 2, "creator": null, "last_editor": 2, "extras": [], "nocturna": [], "diurna": [1397], "dominical": []}}, {"model": "turno.turno", "pk": 8, "fields": {"empleado": 10, "entrada": "2017-06-03T07:00:00", "salida": "2017-06-03T19:00:00", "descontar_almuerzo": true, "aprobado": true, "aprobado_user": 2, "creator": null, "last_editor": 2, "extras": [], "nocturna": [], "diurna": [1381], "dominical": []}}, {"model": "turno.turno", "pk": 9, "fields": {"empleado": 7, "entrada": "2017-06-04T07:00:00", "salida": "2017-06-04T19:00:00", "descontar_almuerzo": true, "aprobado": true, "aprobado_user": 2, "creator": null, "last_editor": 2, "extras": [], "nocturna": [], "diurna": [1382], "dominical": []}}, {"model": "turno.turno", "pk": 10, "fields": {"empleado": 7, "entrada": "2017-06-05T07:00:00", "salida": "2017-06-05T19:00:00", "descontar_almuerzo": true, "aprobado": true, "aprobado_user": 2, "creator": null, "last_editor": 2, "extras": [], "nocturna": [], "diurna": [1375], "dominical": []}}, {"model": "turno.turno", "pk": 11, "fields": {"empleado": 7, "entrada": "2017-06-06T07:00:00", "salida": "2017-06-06T19:00:00", "descontar_almuerzo": true, "aprobado": true, "aprobado_user": 2, "creator": null, "last_editor": 2, "extras": [], "nocturna": [], "diurna": [1376], "dominical": []}}, {"model": "turno.turno", "pk": 12, "fields": {"empleado": 9, "entrada": "2017-06-06T07:00:00", "salida": "2017-06-06T19:00:00", "descontar_almuerzo": true, "aprobado": true, "aprobado_user": 2, "creator": null, "last_editor": 2, "extras": [], "nocturna": [], "diurna": [1383], "dominical": []}}, {"model": "turno.turno", "pk": 13, "fields": {"empleado": 10, "entrada": "2017-06-06T07:00:00", "salida": "2017-06-06T17:00:00", "descontar_almuerzo": true, "aprobado": true, "aprobado_user": 2, "creator": null, "last_editor": 2, "extras": [], "nocturna": [], "diurna": [1384], "dominical": []}}, {"model": "turno.turno", "pk": 14, "fields": {"empleado": 7, "entrada": "2017-06-07T07:00:00", "salida": "2017-06-07T19:00:00", "descontar_almuerzo": true, "aprobado": true, "aprobado_user": 2, "creator": null, "last_editor": 2, "extras": [], "nocturna": [], "diurna": [1385], "dominical": []}}, {"model": "turno.turno", "pk": 15, "fields": {"empleado": 9, "entrada": "2017-06-07T07:00:00", "salida": "2017-06-07T19:00:00", "descontar_almuerzo": true, "aprobado": true, "aprobado_user": 2, "creator": null, "last_editor": 2, "extras": [], "nocturna": [], "diurna": [1369], "dominical": []}}, {"model": "turno.turno", "pk": 16, "fields": {"empleado": 10, "entrada": "2017-06-07T07:00:00", "salida": "2017-06-07T17:00:00", "descontar_almuerzo": true, "aprobado": true, "aprobado_user": 2, "creator": null, "last_editor": 2, "extras": [], "nocturna": [], "diurna": [1370], "dominical": []}}, {"model": "turno.turno", "pk": 17, "fields": {"empleado": 7, "entrada": "2017-06-08T07:00:00", "salida": "2017-06-08T19:00:00", "descontar_almuerzo": true, "aprobado": true, "aprobado_user": 2, "creator": null, "last_editor": 2, "extras": [], "nocturna": [], "diurna": [1371], "dominical": []}}, {"model": "turno.turno", "pk": 18, "fields": {"empleado": 9, "entrada": "2017-06-08T07:00:00", "salida": "2017-06-08T19:00:00", "descontar_almuerzo": true, "aprobado": true, "aprobado_user": 2, "creator": null, "last_editor": 2, "extras": [], "nocturna": [], "diurna": [1372], "dominical": []}}, {"model": "turno.turno", "pk": 19, "fields": {"empleado": 7, "entrada": "2017-06-09T07:00:00", "salida": "2017-06-09T19:00:00", "descontar_almuerzo": true, "aprobado": true, "aprobado_user": 2, "creator": null, "last_editor": 2, "extras": [], "nocturna": [], "diurna": [1373], "dominical": []}}, {"model": "turno.turno", "pk": 20, "fields": {"empleado": 9, "entrada": "2017-06-09T07:00:00", "salida": "2017-06-09T19:00:00", "descontar_almuerzo": true, "aprobado": true, "aprobado_user": 2, "creator": null, "last_editor": 2, "extras": [], "nocturna": [], "diurna": [1374], "dominical": []}}, {"model": "turno.turno", "pk": 21, "fields": {"empleado": 10, "entrada": "2017-06-09T07:00:00", "salida": "2017-06-09T17:00:00", "descontar_almuerzo": true, "aprobado": true, "aprobado_user": 2, "creator": null, "last_editor": 2, "extras": [], "nocturna": [], "diurna": [1405], "dominical": []}}, {"model": "turno.turno", "pk": 22, "fields": {"empleado": 7, "entrada": "2017-06-10T07:00:00", "salida": "2017-06-10T19:00:00", "descontar_almuerzo": true, "aprobado": true, "aprobado_user": 2, "creator": null, "last_editor": 2, "extras": [], "nocturna": [], "diurna": [1406], "dominical": []}}, {"model": "turno.turno", "pk": 23, "fields": {"empleado": 9, "entrada": "2017-06-10T07:00:00", "salida": "2017-06-10T19:00:00", "descontar_almuerzo": true, "aprobado": true, "aprobado_user": 2, "creator": null, "last_editor": 2, "extras": [], "nocturna": [], "diurna": [1240], "dominical": []}}, {"model": "turno.turno", "pk": 24, "fields": {"empleado": 7, "entrada": "2017-06-12T07:00:00", "salida": "2017-06-12T19:00:00", "descontar_almuerzo": true, "aprobado": true, "aprobado_user": 2, "creator": null, "last_editor": 2, "extras": [], "nocturna": [], "diurna": [1241], "dominical": []}}, {"model": "turno.turno", "pk": 25, "fields": {"empleado": 10, "entrada": "2017-06-12T07:00:00", "salida": "2017-06-12T19:00:00", "descontar_almuerzo": true, "aprobado": true, "aprobado_user": 2, "creator": null, "last_editor": 2, "extras": [], "nocturna": [], "diurna": [1242], "dominical": []}}, {"model": "turno.turno", "pk": 26, "fields": {"empleado": 7, "entrada": "2017-06-13T07:00:00", "salida": "2017-06-13T19:00:00", "descontar_almuerzo": true, "aprobado": true, "aprobado_user": 2, "creator": null, "last_editor": 2, "extras": [], "nocturna": [], "diurna": [1243], "dominical": []}}, {"model": "turno.turno", "pk": 27, "fields": {"empleado": 10, "entrada": "2017-06-13T07:00:00", "salida": "2017-06-13T19:00:00", "descontar_almuerzo": true, "aprobado": true, "aprobado_user": 2, "creator": null, "last_editor": 2, "extras": [], "nocturna": [], "diurna": [1244], "dominical": []}}, {"model": "turno.turno", "pk": 28, "fields": {"empleado": 7, "entrada": "2017-06-14T07:00:00", "salida": "2017-06-14T19:00:00", "descontar_almuerzo": true, "aprobado": true, "aprobado_user": 2, "creator": null, "last_editor": 2, "extras": [], "nocturna": [], "diurna": [1245], "dominical": []}}, {"model": "turno.turno", "pk": 29, "fields": {"empleado": 9, "entrada": "2017-06-14T07:00:00", "salida": "2017-06-14T19:00:00", "descontar_almuerzo": true, "aprobado": true, "aprobado_user": 2, "creator": null, "last_editor": 2, "extras": [], "nocturna": [], "diurna": [1246], "dominical": []}}, {"model": "turno.turno", "pk": 30, "fields": {"empleado": 7, "entrada": "2017-06-15T07:00:00", "salida": "2017-06-15T19:00:00", "descontar_almuerzo": true, "aprobado": true, "aprobado_user": 2, "creator": null, "last_editor": 2, "extras": [], "nocturna": [], "diurna": [1247], "dominical": []}}, {"model": "turno.turno", "pk": 31, "fields": {"empleado": 9, "entrada": "2017-06-15T07:00:00", "salida": "2017-06-15T19:00:00", "descontar_almuerzo": true, "aprobado": true, "aprobado_user": 2, "creator": null, "last_editor": 2, "extras": [], "nocturna": [], "diurna": [1248], "dominical": []}}, {"model": "turno.turno", "pk": 32, "fields": {"empleado": 7, "entrada": "2017-06-16T07:00:00", "salida": "2017-06-16T19:00:00", "descontar_almuerzo": true, "aprobado": true, "aprobado_user": 2, "creator": null, "last_editor": 2, "extras": [], "nocturna": [], "diurna": [1249], "dominical": []}}, {"model": "turno.turno", "pk": 33, "fields": {"empleado": 9, "entrada": "2017-06-16T07:00:00", "salida": "2017-06-16T19:00:00", "descontar_almuerzo": true, "aprobado": true, "aprobado_user": 2, "creator": null, "last_editor": 2, "extras": [], "nocturna": [], "diurna": [1407], "dominical": []}}, {"model": "turno.turno", "pk": 34, "fields": {"empleado": 8, "entrada": "2017-06-16T10:00:00", "salida": "2017-06-16T16:00:00", "descontar_almuerzo": true, "aprobado": true, "aprobado_user": 2, "creator": null, "last_editor": 2, "extras": [], "nocturna": [], "diurna": [1408], "dominical": []}}, {"model": "turno.turno", "pk": 35, "fields": {"empleado": 10, "entrada": "2017-06-16T10:00:00", "salida": "2017-06-16T16:00:00", "descontar_almuerzo": true, "aprobado": true, "aprobado_user": 2, "creator": null, "last_editor": 2, "extras": [], "nocturna": [], "diurna": [1409], "dominical": []}}, {"model": "turno.turno", "pk": 36, "fields": {"empleado": 7, "entrada": "2017-06-17T07:00:00", "salida": "2017-06-17T19:00:00", "descontar_almuerzo": true, "aprobado": true, "aprobado_user": 2, "creator": null, "last_editor": 2, "extras": [], "nocturna": [], "diurna": [1410], "dominical": []}}, {"model": "turno.turno", "pk": 37, "fields": {"empleado": 9, "entrada": "2017-06-17T07:00:00", "salida": "2017-06-17T19:00:00", "descontar_almuerzo": true, "aprobado": true, "aprobado_user": 2, "creator": null, "last_editor": 2, "extras": [], "nocturna": [], "diurna": [1411], "dominical": []}}, {"model": "turno.turno", "pk": 38, "fields": {"empleado": 8, "entrada": "2017-06-17T07:00:00", "salida": "2017-06-17T15:00:00", "descontar_almuerzo": true, "aprobado": true, "aprobado_user": 2, "creator": null, "last_editor": 2, "extras": [], "nocturna": [], "diurna": [1412], "dominical": []}}, {"model": "turno.turno", "pk": 39, "fields": {"empleado": 10, "entrada": "2017-06-17T07:00:00", "salida": "2017-06-17T15:00:00", "descontar_almuerzo": true, "aprobado": true, "aprobado_user": 2, "creator": null, "last_editor": 2, "extras": [], "nocturna": [], "diurna": [1413], "dominical": []}}, {"model": "turno.turno", "pk": 40, "fields": {"empleado": 7, "entrada": "2017-06-20T07:00:00", "salida": "2017-06-20T17:00:00", "descontar_almuerzo": true, "aprobado": true, "aprobado_user": 2, "creator": null, "last_editor": 2, "extras": [], "nocturna": [], "diurna": [1414], "dominical": []}}, {"model": "turno.turno", "pk": 41, "fields": {"empleado": 9, "entrada": "2017-06-20T07:00:00", "salida": "2017-06-20T17:00:00", "descontar_almuerzo": true, "aprobado": true, "aprobado_user": 2, "creator": null, "last_editor": 2, "extras": [], "nocturna": [], "diurna": [1415], "dominical": []}}, {"model": "turno.turno", "pk": 42, "fields": {"empleado": 8, "entrada": "2017-06-20T17:00:00", "salida": "2017-06-21T02:00:00", "descontar_almuerzo": true, "aprobado": true, "aprobado_user": 2, "creator": null, "last_editor": 2, "extras": [], "nocturna": [1416, 1417], "diurna": [1418], "dominical": []}}, {"model": "turno.turno", "pk": 43, "fields": {"empleado": 10, "entrada": "2017-06-20T17:00:00", "salida": "2017-06-20T22:00:00", "descontar_almuerzo": true, "aprobado": true, "aprobado_user": 2, "creator": null, "last_editor": 2, "extras": [], "nocturna": [1419], "diurna": [1420], "dominical": []}}, {"model": "turno.turno", "pk": 44, "fields": {"empleado": 7, "entrada": "2017-06-21T07:00:00", "salida": "2017-06-21T17:00:00", "descontar_almuerzo": true, "aprobado": true, "aprobado_user": 2, "creator": null, "last_editor": 2, "extras": [], "nocturna": [], "diurna": [1421], "dominical": []}}, {"model": "turno.turno", "pk": 45, "fields": {"empleado": 9, "entrada": "2017-06-21T07:00:00", "salida": "2017-06-21T17:00:00", "descontar_almuerzo": true, "aprobado": true, "aprobado_user": 2, "creator": null, "last_editor": 2, "extras": [], "nocturna": [], "diurna": [1422], "dominical": []}}, {"model": "turno.turno", "pk": 46, "fields": {"empleado": 8, "entrada": "2017-06-21T07:00:00", "salida": "2017-06-21T19:00:00", "descontar_almuerzo": true, "aprobado": true, "aprobado_user": 2, "creator": null, "last_editor": 2, "extras": [], "nocturna": [], "diurna": [1423], "dominical": []}}, {"model": "turno.turno", "pk": 47, "fields": {"empleado": 10, "entrada": "2017-06-21T07:00:00", "salida": "2017-06-21T19:00:00", "descontar_almuerzo": true, "aprobado": true, "aprobado_user": 2, "creator": null, "last_editor": 2, "extras": [], "nocturna": [], "diurna": [1424], "dominical": []}}, {"model": "turno.turno", "pk": 48, "fields": {"empleado": 7, "entrada": "2017-06-22T07:00:00", "salida": "2017-06-22T18:00:00", "descontar_almuerzo": true, "aprobado": true, "aprobado_user": 2, "creator": null, "last_editor": 2, "extras": [], "nocturna": [], "diurna": [1425], "dominical": []}}, {"model": "turno.turno", "pk": 49, "fields": {"empleado": 9, "entrada": "2017-06-22T17:00:00", "salida": "2017-06-22T19:00:00", "descontar_almuerzo": true, "aprobado": true, "aprobado_user": 2, "creator": null, "last_editor": 2, "extras": [], "nocturna": [], "diurna": [1426], "dominical": []}}, {"model": "turno.turno", "pk": 50, "fields": {"empleado": 10, "entrada": "2017-06-22T07:00:00", "salida": "2017-06-22T18:00:00", "descontar_almuerzo": true, "aprobado": true, "aprobado_user": 2, "creator": null, "last_editor": 2, "extras": [], "nocturna": [], "diurna": [1427], "dominical": []}}, {"model": "turno.turno", "pk": 51, "fields": {"empleado": 7, "entrada": "2017-06-23T07:00:00", "salida": "2017-06-23T19:00:00", "descontar_almuerzo": true, "aprobado": true, "aprobado_user": 2, "creator": null, "last_editor": 2, "extras": [], "nocturna": [], "diurna": [1428], "dominical": []}}, {"model": "turno.turno", "pk": 52, "fields": {"empleado": 9, "entrada": "2017-06-23T07:00:00", "salida": "2017-06-23T19:00:00", "descontar_almuerzo": true, "aprobado": true, "aprobado_user": 2, "creator": null, "last_editor": 2, "extras": [], "nocturna": [], "diurna": [1429], "dominical": []}}, {"model": "turno.turno", "pk": 53, "fields": {"empleado": 10, "entrada": "2017-06-23T07:00:00", "salida": "2017-06-23T19:00:00", "descontar_almuerzo": true, "aprobado": true, "aprobado_user": 2, "creator": null, "last_editor": 2, "extras": [], "nocturna": [], "diurna": [1430], "dominical": []}}, {"model": "turno.turno", "pk": 54, "fields": {"empleado": 7, "entrada": "2017-06-24T07:00:00", "salida": "2017-06-24T19:00:00", "descontar_almuerzo": true, "aprobado": true, "aprobado_user": 2, "creator": null, "last_editor": 2, "extras": [], "nocturna": [], "diurna": [1436], "dominical": []}}, {"model": "turno.turno", "pk": 55, "fields": {"empleado": 9, "entrada": "2017-06-24T19:00:00", "salida": "2017-06-24T22:00:00", "descontar_almuerzo": true, "aprobado": true, "aprobado_user": 2, "creator": null, "last_editor": 2, "extras": [], "nocturna": [1432], "diurna": [1433], "dominical": []}}, {"model": "turno.turno", "pk": 56, "fields": {"empleado": 10, "entrada": "2017-06-24T07:00:00", "salida": "2017-06-24T19:00:00", "descontar_almuerzo": true, "aprobado": true, "aprobado_user": 2, "creator": null, "last_editor": 2, "extras": [], "nocturna": [], "diurna": [1434], "dominical": []}}, {"model": "turno.turno", "pk": 57, "fields": {"empleado": 8, "entrada": "2017-06-25T09:00:00", "salida": "2017-06-25T17:00:00", "descontar_almuerzo": true, "aprobado": true, "aprobado_user": 2, "creator": null, "last_editor": 2, "extras": [], "nocturna": [], "diurna": [1435], "dominical": []}}, {"model": "turno.turno", "pk": 58, "fields": {"empleado": 7, "entrada": "2017-06-26T07:00:00", "salida": "2017-06-26T19:00:00", "descontar_almuerzo": true, "aprobado": true, "aprobado_user": 2, "creator": null, "last_editor": 2, "extras": [], "nocturna": [], "diurna": [1279], "dominical": []}}, {"model": "turno.turno", "pk": 59, "fields": {"empleado": 9, "entrada": "2017-06-26T07:00:00", "salida": "2017-06-26T19:00:00", "descontar_almuerzo": true, "aprobado": true, "aprobado_user": 2, "creator": null, "last_editor": 2, "extras": [], "nocturna": [], "diurna": [1280], "dominical": []}}, {"model": "turno.turno", "pk": 60, "fields": {"empleado": 8, "entrada": "2017-06-26T07:00:00", "salida": "2017-06-26T17:00:00", "descontar_almuerzo": true, "aprobado": true, "aprobado_user": 2, "creator": null, "last_editor": 2, "extras": [], "nocturna": [], "diurna": [1281], "dominical": []}}, {"model": "turno.turno", "pk": 61, "fields": {"empleado": 10, "entrada": "2017-06-26T07:00:00", "salida": "2017-06-26T19:00:00", "descontar_almuerzo": true, "aprobado": true, "aprobado_user": 2, "creator": null, "last_editor": 2, "extras": [], "nocturna": [], "diurna": [1282], "dominical": []}}, {"model": "turno.turno", "pk": 62, "fields": {"empleado": 7, "entrada": "2017-06-27T07:00:00", "salida": "2017-06-27T19:00:00", "descontar_almuerzo": true, "aprobado": true, "aprobado_user": 2, "creator": null, "last_editor": 2, "extras": [], "nocturna": [], "diurna": [1283], "dominical": []}}, {"model": "turno.turno", "pk": 63, "fields": {"empleado": 9, "entrada": "2017-06-27T07:00:00", "salida": "2017-06-27T19:00:00", "descontar_almuerzo": true, "aprobado": true, "aprobado_user": 2, "creator": null, "last_editor": 2, "extras": [], "nocturna": [], "diurna": [1284], "dominical": []}}, {"model": "turno.turno", "pk": 64, "fields": {"empleado": 8, "entrada": "2017-06-27T07:00:00", "salida": "2017-06-27T19:00:00", "descontar_almuerzo": true, "aprobado": true, "aprobado_user": 2, "creator": null, "last_editor": 2, "extras": [], "nocturna": [], "diurna": [1285], "dominical": []}}, {"model": "turno.turno", "pk": 65, "fields": {"empleado": 10, "entrada": "2017-06-27T07:00:00", "salida": "2017-06-27T19:00:00", "descontar_almuerzo": true, "aprobado": true, "aprobado_user": 2, "creator": null, "last_editor": 2, "extras": [], "nocturna": [], "diurna": [1286], "dominical": []}}, {"model": "turno.turno", "pk": 66, "fields": {"empleado": 7, "entrada": "2017-06-28T07:00:00", "salida": "2017-06-28T19:00:00", "descontar_almuerzo": true, "aprobado": true, "aprobado_user": 2, "creator": null, "last_editor": 2, "extras": [], "nocturna": [], "diurna": [1287], "dominical": []}}, {"model": "turno.turno", "pk": 67, "fields": {"empleado": 9, "entrada": "2017-06-28T07:00:00", "salida": "2017-06-28T19:00:00", "descontar_almuerzo": true, "aprobado": true, "aprobado_user": 2, "creator": null, "last_editor": 2, "extras": [], "nocturna": [], "diurna": [1288], "dominical": []}}, {"model": "turno.turno", "pk": 68, "fields": {"empleado": 8, "entrada": "2017-06-28T07:00:00", "salida": "2017-06-28T19:00:00", "descontar_almuerzo": true, "aprobado": true, "aprobado_user": 2, "creator": null, "last_editor": 2, "extras": [], "nocturna": [], "diurna": [1289], "dominical": []}}, {"model": "turno.turno", "pk": 69, "fields": {"empleado": 10, "entrada": "2017-06-28T07:00:00", "salida": "2017-06-28T19:00:00", "descontar_almuerzo": true, "aprobado": true, "aprobado_user": 2, "creator": null, "last_editor": 2, "extras": [], "nocturna": [], "diurna": [1290], "dominical": []}}, {"model": "turno.turno", "pk": 70, "fields": {"empleado": 7, "entrada": "2017-06-29T07:00:00", "salida": "2017-06-29T19:00:00", "descontar_almuerzo": true, "aprobado": true, "aprobado_user": 2, "creator": null, "last_editor": 2, "extras": [], "nocturna": [], "diurna": [1291], "dominical": []}}, {"model": "turno.turno", "pk": 71, "fields": {"empleado": 9, "entrada": "2017-06-29T07:00:00", "salida": "2017-06-29T19:00:00", "descontar_almuerzo": true, "aprobado": true, "aprobado_user": 2, "creator": null, "last_editor": 2, "extras": [], "nocturna": [], "diurna": [1292], "dominical": []}}, {"model": "turno.turno", "pk": 72, "fields": {"empleado": 8, "entrada": "2017-06-29T07:00:00", "salida": "2017-06-29T18:00:00", "descontar_almuerzo": true, "aprobado": true, "aprobado_user": 2, "creator": null, "last_editor": 2, "extras": [], "nocturna": [], "diurna": [1293], "dominical": []}}, {"model": "turno.turno", "pk": 73, "fields": {"empleado": 10, "entrada": "2017-06-29T07:00:00", "salida": "2017-06-29T18:00:00", "descontar_almuerzo": true, "aprobado": true, "aprobado_user": 2, "creator": null, "last_editor": 2, "extras": [], "nocturna": [], "diurna": [1294], "dominical": []}}, {"model": "turno.turno", "pk": 74, "fields": {"empleado": 7, "entrada": "2017-06-30T07:00:00", "salida": "2017-06-30T15:00:00", "descontar_almuerzo": true, "aprobado": true, "aprobado_user": 2, "creator": null, "last_editor": 2, "extras": [], "nocturna": [], "diurna": [1295], "dominical": []}}, {"model": "turno.turno", "pk": 75, "fields": {"empleado": 9, "entrada": "2017-06-30T07:00:00", "salida": "2017-06-30T15:00:00", "descontar_almuerzo": true, "aprobado": true, "aprobado_user": 2, "creator": null, "last_editor": 2, "extras": [], "nocturna": [], "diurna": [1296], "dominical": []}}, {"model": "turno.turno", "pk": 76, "fields": {"empleado": 8, "entrada": "2017-06-30T15:00:00", "salida": "2017-06-30T22:00:00", "descontar_almuerzo": true, "aprobado": true, "aprobado_user": 2, "creator": null, "last_editor": 2, "extras": [], "nocturna": [1297], "diurna": [1298], "dominical": []}}, {"model": "turno.turno", "pk": 77, "fields": {"empleado": 10, "entrada": "2017-06-30T15:00:00", "salida": "2017-06-30T22:00:00", "descontar_almuerzo": true, "aprobado": true, "aprobado_user": 2, "creator": null, "last_editor": 2, "extras": [], "nocturna": [1299], "diurna": [1300], "dominical": []}}, {"model": "turno.turno", "pk": 78, "fields": {"empleado": 11, "entrada": "2017-06-01T03:00:00", "salida": "2017-06-01T11:00:00", "descontar_almuerzo": true, "aprobado": true, "aprobado_user": 2, "creator": null, "last_editor": 2, "extras": [], "nocturna": [1301], "diurna": [1302], "dominical": []}}, {"model": "turno.turno", "pk": 79, "fields": {"empleado": 12, "entrada": "2017-06-01T11:00:00", "salida": "2017-06-01T20:00:00", "descontar_almuerzo": true, "aprobado": true, "aprobado_user": 2, "creator": null, "last_editor": 2, "extras": [], "nocturna": [], "diurna": [1303], "dominical": []}}, {"model": "turno.turno", "pk": 80, "fields": {"empleado": 11, "entrada": "2017-06-02T03:00:00", "salida": "2017-06-02T11:00:00", "descontar_almuerzo": true, "aprobado": true, "aprobado_user": 2, "creator": null, "last_editor": 2, "extras": [], "nocturna": [1304], "diurna": [1305], "dominical": []}}, {"model": "turno.turno", "pk": 81, "fields": {"empleado": 11, "entrada": "2017-06-03T03:00:00", "salida": "2017-06-03T13:00:00", "descontar_almuerzo": true, "aprobado": true, "aprobado_user": 2, "creator": null, "last_editor": 2, "extras": [], "nocturna": [1386], "diurna": [1387], "dominical": []}}, {"model": "turno.turno", "pk": 82, "fields": {"empleado": 12, "entrada": "2017-06-03T13:00:00", "salida": "2017-06-03T23:00:00", "descontar_almuerzo": true, "aprobado": true, "aprobado_user": 2, "creator": null, "last_editor": 2, "extras": [], "nocturna": [1388], "diurna": [1389], "dominical": []}}, {"model": "turno.turno", "pk": 83, "fields": {"empleado": 12, "entrada": "2017-06-04T15:00:00", "salida": "2017-06-05T13:00:00", "descontar_almuerzo": true, "aprobado": true, "aprobado_user": 2, "creator": null, "last_editor": 2, "extras": [], "nocturna": [1377, 1378], "diurna": [1379, 1380], "dominical": []}}, {"model": "turno.turno", "pk": 84, "fields": {"empleado": 11, "entrada": "2017-06-05T03:00:00", "salida": "2017-06-05T11:00:00", "descontar_almuerzo": true, "aprobado": true, "aprobado_user": 2, "creator": null, "last_editor": 2, "extras": [], "nocturna": [1401], "diurna": [1402], "dominical": []}}, {"model": "turno.turno", "pk": 85, "fields": {"empleado": 11, "entrada": "2017-06-06T03:00:00", "salida": "2017-06-06T11:00:00", "descontar_almuerzo": true, "aprobado": true, "aprobado_user": 2, "creator": null, "last_editor": 2, "extras": [], "nocturna": [1403], "diurna": [1404], "dominical": []}}, {"model": "turno.turno", "pk": 86, "fields": {"empleado": 11, "entrada": "2017-06-07T03:00:00", "salida": "2017-06-07T12:00:00", "descontar_almuerzo": true, "aprobado": true, "aprobado_user": 2, "creator": null, "last_editor": 2, "extras": [], "nocturna": [1306], "diurna": [1307], "dominical": []}}, {"model": "turno.turno", "pk": 87, "fields": {"empleado": 11, "entrada": "2017-06-08T03:00:00", "salida": "2017-06-08T11:00:00", "descontar_almuerzo": true, "aprobado": true, "aprobado_user": 2, "creator": null, "last_editor": 2, "extras": [], "nocturna": [1308], "diurna": [1309], "dominical": []}}, {"model": "turno.turno", "pk": 88, "fields": {"empleado": 11, "entrada": "2017-06-09T03:00:00", "salida": "2017-06-09T11:00:00", "descontar_almuerzo": true, "aprobado": true, "aprobado_user": 2, "creator": null, "last_editor": 2, "extras": [], "nocturna": [1310], "diurna": [1311], "dominical": []}}, {"model": "turno.turno", "pk": 89, "fields": {"empleado": 12, "entrada": "2017-06-09T11:00:00", "salida": "2017-06-09T18:00:00", "descontar_almuerzo": true, "aprobado": true, "aprobado_user": 2, "creator": null, "last_editor": 2, "extras": [], "nocturna": [], "diurna": [1312], "dominical": []}}, {"model": "turno.turno", "pk": 90, "fields": {"empleado": 11, "entrada": "2017-06-10T03:00:00", "salida": "2017-06-10T11:00:00", "descontar_almuerzo": true, "aprobado": true, "aprobado_user": 2, "creator": null, "last_editor": 2, "extras": [], "nocturna": [1313], "diurna": [1314], "dominical": []}}, {"model": "turno.turno", "pk": 91, "fields": {"empleado": 12, "entrada": "2017-06-10T11:00:00", "salida": "2017-06-10T17:00:00", "descontar_almuerzo": true, "aprobado": true, "aprobado_user": 2, "creator": null, "last_editor": 2, "extras": [], "nocturna": [], "diurna": [1315], "dominical": []}}, {"model": "turno.turno", "pk": 92, "fields": {"empleado": 11, "entrada": "2017-06-11T15:00:00", "salida": "2017-06-12T03:00:00", "descontar_almuerzo": true, "aprobado": true, "aprobado_user": 2, "creator": null, "last_editor": 2, "extras": [], "nocturna": [1316, 1317], "diurna": [1318], "dominical": []}}, {"model": "turno.turno", "pk": 93, "fields": {"empleado": 11, "entrada": "2017-06-12T15:00:00", "salida": "2017-06-12T23:00:00", "descontar_almuerzo": true, "aprobado": true, "aprobado_user": 2, "creator": null, "last_editor": 2, "extras": [], "nocturna": [1319], "diurna": [1320], "dominical": []}}, {"model": "turno.turno", "pk": 94, "fields": {"empleado": 12, "entrada": "2017-06-12T04:00:00", "salida": "2017-06-12T15:00:00", "descontar_almuerzo": true, "aprobado": true, "aprobado_user": 2, "creator": null, "last_editor": 2, "extras": [], "nocturna": [1321], "diurna": [1322], "dominical": []}}, {"model": "turno.turno", "pk": 95, "fields": {"empleado": 11, "entrada": "2017-06-13T03:00:00", "salida": "2017-06-13T11:00:00", "descontar_almuerzo": true, "aprobado": true, "aprobado_user": 2, "creator": null, "last_editor": 2, "extras": [], "nocturna": [1323], "diurna": [1324], "dominical": []}}, {"model": "turno.turno", "pk": 96, "fields": {"empleado": 12, "entrada": "2017-06-13T11:00:00", "salida": "2017-06-13T17:00:00", "descontar_almuerzo": true, "aprobado": true, "aprobado_user": 2, "creator": null, "last_editor": 2, "extras": [], "nocturna": [], "diurna": [1325], "dominical": []}}, {"model": "turno.turno", "pk": 97, "fields": {"empleado": 11, "entrada": "2017-06-14T03:00:00", "salida": "2017-06-14T11:00:00", "descontar_almuerzo": true, "aprobado": true, "aprobado_user": 2, "creator": null, "last_editor": 2, "extras": [], "nocturna": [1326], "diurna": [1327], "dominical": []}}, {"model": "turno.turno", "pk": 98, "fields": {"empleado": 11, "entrada": "2017-06-15T03:00:00", "salida": "2017-06-15T11:00:00", "descontar_almuerzo": true, "aprobado": true, "aprobado_user": 2, "creator": null, "last_editor": 2, "extras": [], "nocturna": [1328], "diurna": [1329], "dominical": []}}, {"model": "turno.turno", "pk": 99, "fields": {"empleado": 12, "entrada": "2017-06-15T11:00:00", "salida": "2017-06-15T16:00:00", "descontar_almuerzo": true, "aprobado": true, "aprobado_user": 2, "creator": null, "last_editor": 2, "extras": [], "nocturna": [], "diurna": [1330], "dominical": []}}, {"model": "turno.turno", "pk": 100, "fields": {"empleado": 11, "entrada": "2017-06-16T03:00:00", "salida": "2017-06-16T11:00:00", "descontar_almuerzo": true, "aprobado": true, "aprobado_user": 2, "creator": null, "last_editor": 2, "extras": [], "nocturna": [1331], "diurna": [1332], "dominical": []}}, {"model": "turno.turno", "pk": 101, "fields": {"empleado": 12, "entrada": "2017-06-16T11:00:00", "salida": "2017-06-16T17:00:00", "descontar_almuerzo": true, "aprobado": true, "aprobado_user": 2, "creator": null, "last_editor": 2, "extras": [], "nocturna": [], "diurna": [1333], "dominical": []}}, {"model": "turno.turno", "pk": 102, "fields": {"empleado": 11, "entrada": "2017-06-17T03:00:00", "salida": "2017-06-17T15:00:00", "descontar_almuerzo": true, "aprobado": true, "aprobado_user": 2, "creator": null, "last_editor": 2, "extras": [], "nocturna": [1334], "diurna": [1335], "dominical": []}}, {"model": "turno.turno", "pk": 103, "fields": {"empleado": 12, "entrada": "2017-06-17T15:00:00", "salida": "2017-06-18T00:00:00", "descontar_almuerzo": true, "aprobado": true, "aprobado_user": 2, "creator": null, "last_editor": 2, "extras": [], "nocturna": [1336], "diurna": [1337], "dominical": []}}, {"model": "turno.turno", "pk": 104, "fields": {"empleado": 11, "entrada": "2017-06-19T04:00:00", "salida": "2017-06-19T12:00:00", "descontar_almuerzo": true, "aprobado": true, "aprobado_user": 2, "creator": null, "last_editor": 2, "extras": [], "nocturna": [1338], "diurna": [1339], "dominical": []}}, {"model": "turno.turno", "pk": 105, "fields": {"empleado": 11, "entrada": "2017-06-20T03:00:00", "salida": "2017-06-20T12:00:00", "descontar_almuerzo": true, "aprobado": true, "aprobado_user": 2, "creator": null, "last_editor": 2, "extras": [], "nocturna": [1340], "diurna": [1341], "dominical": []}}, {"model": "turno.turno", "pk": 106, "fields": {"empleado": 12, "entrada": "2017-06-20T12:00:00", "salida": "2017-06-20T16:00:00", "descontar_almuerzo": true, "aprobado": true, "aprobado_user": 2, "creator": null, "last_editor": 2, "extras": [], "nocturna": [], "diurna": [1342], "dominical": []}}, {"model": "turno.turno", "pk": 107, "fields": {"empleado": 11, "entrada": "2017-06-21T03:00:00", "salida": "2017-06-21T15:00:00", "descontar_almuerzo": true, "aprobado": true, "aprobado_user": 2, "creator": null, "last_editor": 2, "extras": [], "nocturna": [1343], "diurna": [1344], "dominical": []}}, {"model": "turno.turno", "pk": 108, "fields": {"empleado": 12, "entrada": "2017-06-21T03:00:00", "salida": "2017-06-21T15:00:00", "descontar_almuerzo": true, "aprobado": true, "aprobado_user": 2, "creator": null, "last_editor": 2, "extras": [], "nocturna": [1345], "diurna": [1346], "dominical": []}}, {"model": "turno.turno", "pk": 109, "fields": {"empleado": 11, "entrada": "2017-06-22T11:00:00", "salida": "2017-06-22T17:00:00", "descontar_almuerzo": true, "aprobado": true, "aprobado_user": 2, "creator": null, "last_editor": 2, "extras": [], "nocturna": [], "diurna": [1347], "dominical": []}}, {"model": "turno.turno", "pk": 110, "fields": {"empleado": 12, "entrada": "2017-06-22T03:00:00", "salida": "2017-06-22T11:00:00", "descontar_almuerzo": true, "aprobado": true, "aprobado_user": 2, "creator": null, "last_editor": 2, "extras": [], "nocturna": [1348], "diurna": [1349], "dominical": []}}, {"model": "turno.turno", "pk": 111, "fields": {"empleado": 11, "entrada": "2017-06-23T11:00:00", "salida": "2017-06-23T17:00:00", "descontar_almuerzo": true, "aprobado": true, "aprobado_user": 2, "creator": null, "last_editor": 2, "extras": [], "nocturna": [], "diurna": [1350], "dominical": []}}, {"model": "turno.turno", "pk": 112, "fields": {"empleado": 12, "entrada": "2017-06-23T03:00:00", "salida": "2017-06-23T11:00:00", "descontar_almuerzo": true, "aprobado": true, "aprobado_user": 2, "creator": null, "last_editor": 2, "extras": [], "nocturna": [1351], "diurna": [1352], "dominical": []}}, {"model": "turno.turno", "pk": 113, "fields": {"empleado": 11, "entrada": "2017-06-24T11:00:00", "salida": "2017-06-24T17:00:00", "descontar_almuerzo": true, "aprobado": true, "aprobado_user": 2, "creator": null, "last_editor": 2, "extras": [], "nocturna": [], "diurna": [1353], "dominical": []}}, {"model": "turno.turno", "pk": 114, "fields": {"empleado": 12, "entrada": "2017-06-24T03:00:00", "salida": "2017-06-24T11:00:00", "descontar_almuerzo": true, "aprobado": true, "aprobado_user": 2, "creator": null, "last_editor": 2, "extras": [], "nocturna": [1354], "diurna": [1355], "dominical": []}}, {"model": "turno.turno", "pk": 115, "fields": {"empleado": 12, "entrada": "2017-06-25T17:00:00", "salida": "2017-06-26T03:00:00", "descontar_almuerzo": true, "aprobado": true, "aprobado_user": 2, "creator": null, "last_editor": 2, "extras": [], "nocturna": [1356, 1357], "diurna": [1358], "dominical": []}}, {"model": "turno.turno", "pk": 116, "fields": {"empleado": 11, "entrada": "2017-06-27T03:00:00", "salida": "2017-06-27T11:00:00", "descontar_almuerzo": true, "aprobado": true, "aprobado_user": 2, "creator": null, "last_editor": 2, "extras": [], "nocturna": [1359], "diurna": [1360], "dominical": []}}, {"model": "turno.turno", "pk": 117, "fields": {"empleado": 12, "entrada": "2017-06-27T11:00:00", "salida": "2017-06-27T17:00:00", "descontar_almuerzo": true, "aprobado": true, "aprobado_user": 2, "creator": null, "last_editor": 2, "extras": [], "nocturna": [], "diurna": [1361], "dominical": []}}, {"model": "turno.turno", "pk": 118, "fields": {"empleado": 11, "entrada": "2017-06-28T03:00:00", "salida": "2017-06-28T15:00:00", "descontar_almuerzo": true, "aprobado": true, "aprobado_user": 2, "creator": null, "last_editor": 2, "extras": [], "nocturna": [1390], "diurna": [1391], "dominical": []}}, {"model": "turno.turno", "pk": 119, "fields": {"empleado": 12, "entrada": "2017-06-28T15:00:00", "salida": "2017-06-28T17:00:00", "descontar_almuerzo": true, "aprobado": true, "aprobado_user": 2, "creator": null, "last_editor": 2, "extras": [], "nocturna": [], "diurna": [976], "dominical": []}}, {"model": "turno.turno", "pk": 120, "fields": {"empleado": 11, "entrada": "2017-06-29T03:00:00", "salida": "2017-06-29T11:00:00", "descontar_almuerzo": true, "aprobado": true, "aprobado_user": 2, "creator": null, "last_editor": 2, "extras": [], "nocturna": [977], "diurna": [978], "dominical": []}}, {"model": "turno.turno", "pk": 121, "fields": {"empleado": 12, "entrada": "2017-06-29T11:00:00", "salida": "2017-06-29T17:00:00", "descontar_almuerzo": true, "aprobado": true, "aprobado_user": 2, "creator": null, "last_editor": 2, "extras": [], "nocturna": [], "diurna": [979], "dominical": []}}, {"model": "turno.turno", "pk": 122, "fields": {"empleado": 11, "entrada": "2017-06-30T03:00:00", "salida": "2017-06-30T11:00:00", "descontar_almuerzo": true, "aprobado": true, "aprobado_user": 2, "creator": null, "last_editor": 2, "extras": [], "nocturna": [980], "diurna": [981], "dominical": []}}, {"model": "turno.turno", "pk": 123, "fields": {"empleado": 12, "entrada": "2017-06-30T11:00:00", "salida": "2017-06-30T17:00:00", "descontar_almuerzo": false, "aprobado": true, "aprobado_user": 2, "creator": null, "last_editor": 2, "extras": [], "nocturna": [], "diurna": [1439], "dominical": []}}, {"model": "turno.turno", "pk": 124, "fields": {"empleado": 13, "entrada": "2017-07-13T19:00:00", "salida": "2017-07-14T07:00:00", "descontar_almuerzo": true, "aprobado": true, "aprobado_user": 2, "creator": 2, "last_editor": 2, "extras": [], "nocturna": [1393, 1394], "diurna": [1395, 1396], "dominical": []}}, {"model": "turno.concepto", "pk": 1, "fields": {"nombre": "C1"}}, {"model": "turno.concepto", "pk": 2, "fields": {"nombre": "C2"}}, {"model": "turno.produccion", "pk": 1, "fields": {"fecha": "2017-07-13T18:47:11.833", "unidad": 5, "cantidad": 2388, "concepto": null, "creator": 2, "last_editor": 2, "eliminado": false, "eliminado_por": null, "empleados": [13, 18, 20]}}, {"model": "turno.produccion", "pk": 2, "fields": {"fecha": "2017-07-13T18:49:15.361", "unidad": 9, "cantidad": 45, "concepto": null, "creator": 2, "last_editor": 2, "eliminado": false, "eliminado_por": null, "empleados": [13, 18, 20]}}, {"model": "turno.produccion", "pk": 3, "fields": {"fecha": "2017-07-13T18:50:37.072", "unidad": 8, "cantidad": 13200, "concepto": null, "creator": 2, "last_editor": 2, "eliminado": false, "eliminado_por": null, "empleados": [13, 18, 20]}}, {"model": "turno.produccion", "pk": 4, "fields": {"fecha": "2017-07-13T23:11:05.537", "unidad": 2, "cantidad": 122, "concepto": null, "creator": 2, "last_editor": 2, "eliminado": false, "eliminado_por": null, "empleados": [2, 3]}}, {"model": "turno.produccion", "pk": 5, "fields": {"fecha": "2017-07-14T19:46:19.398", "unidad": 1, "cantidad": 2, "concepto": 1, "creator": 2, "last_editor": 2, "eliminado": false, "eliminado_por": null, "empleados": [2]}}, {"model": "turno.produccion", "pk": 6, "fields": {"fecha": "2017-07-14T19:49:42.694", "unidad": 1, "cantidad": 3, "concepto": 1, "creator": 2, "last_editor": 2, "eliminado": false, "eliminado_por": null, "empleados": [3]}}, {"model": "usuarios.administrador", "pk": 3, "fields": {"identificacion": "1111111", "fecha_nacimiento": "2017-07-07", "direccion": "Calle 64 #18-27", "telefono": "12111", "fijo": "3183930393", "imagen": "", "creator": 2, "last_editor": 2, "eliminado": false, "eliminado_por": null, "groups": [], "user_permissions": []}}, {"model": "usuarios.asistente", "pk": 2, "fields": {"identificacion": "11112", "fecha_nacimiento": "2016-12-01", "direccion": "Calle 64 #18-27", "telefono": "3183930393", "fijo": "3183930393", "imagen": "", "creator": 1, "last_editor": 2, "eliminado": false, "eliminado_por": null, "groups": [], "user_permissions": []}}, {"model": "admin.logentry", "pk": 1, "fields": {"action_time": "2017-07-06T17:25:28.078", "user": 1, "content_type": 12, "object_id": "1", "object_repr": "TARJADOR MARITIMO", "action_flag": 1, "change_message": "[{\"added\": {}}]"}}, {"model": "admin.logentry", "pk": 2, "fields": {"action_time": "2017-07-06T19:05:13.967", "user": 1, "content_type": 23, "object_id": "2", "object_repr": "Yamid Pico Leal", "action_flag": 1, "change_message": "[{\"added\": {}}]"}}, {"model": "admin.logentry", "pk": 3, "fields": {"action_time": "2017-07-06T19:07:06.240", "user": 1, "content_type": 4, "object_id": "2", "object_repr": "asistente1", "action_flag": 2, "change_message": "[{\"changed\": {\"fields\": [\"password\"]}}]"}}, {"model": "admin.logentry", "pk": 4, "fields": {"action_time": "2017-07-11T04:27:06.858", "user": 1, "content_type": 27, "object_id": "1", "object_repr": "unidad1", "action_flag": 1, "change_message": "[{\"added\": {}}]"}}, {"model": "admin.logentry", "pk": 5, "fields": {"action_time": "2017-07-11T04:27:10.641", "user": 1, "content_type": 12, "object_id": "2", "object_repr": "ESTIBADOR CARGA GENERAL", "action_flag": 1, "change_message": "[{\"added\": {}}]"}}, {"model": "admin.logentry", "pk": 6, "fields": {"action_time": "2017-07-11T04:40:08.898", "user": 2, "content_type": 18, "object_id": "7", "object_repr": "Contrato de HECTOR JULIAN CARDALES DE AVILA", "action_flag": 1, "change_message": "[{\"added\": {}}]"}}, {"model": "admin.logentry", "pk": 7, "fields": {"action_time": "2017-07-11T04:42:56.695", "user": 2, "content_type": 18, "object_id": "8", "object_repr": "Contrato de LUIS RAFAEL CASTLLO MATURANA", "action_flag": 1, "change_message": "[{\"added\": {}}]"}}, {"model": "admin.logentry", "pk": 8, "fields": {"action_time": "2017-07-11T04:44:06.828", "user": 2, "content_type": 18, "object_id": "9", "object_repr": "Contrato de RODRIGO CARDALES REYES", "action_flag": 1, "change_message": "[{\"added\": {}}]"}}, {"model": "admin.logentry", "pk": 9, "fields": {"action_time": "2017-07-11T04:45:17.462", "user": 2, "content_type": 18, "object_id": "10", "object_repr": "Contrato de RONALD HERRERA DE LA ROSA", "action_flag": 1, "change_message": "[{\"added\": {}}]"}}, {"model": "admin.logentry", "pk": 10, "fields": {"action_time": "2017-07-11T07:25:56.537", "user": 2, "content_type": 23, "object_id": "77", "object_repr": "Turno: RONALD HERRERA DE LA ROSA - 2017-06-30", "action_flag": 2, "change_message": "[{\"changed\": {\"fields\": [\"aprobado\"]}}]"}}, {"model": "admin.logentry", "pk": 11, "fields": {"action_time": "2017-07-11T07:26:27.276", "user": 2, "content_type": 23, "object_id": "77", "object_repr": "Turno: RONALD HERRERA DE LA ROSA - 2017-06-30", "action_flag": 2, "change_message": "[{\"changed\": {\"fields\": [\"aprobado\"]}}]"}}, {"model": "admin.logentry", "pk": 12, "fields": {"action_time": "2017-07-11T07:26:36.129", "user": 2, "content_type": 23, "object_id": "76", "object_repr": "Turno: LUIS RAFAEL CASTLLO MATURANA - 2017-06-30", "action_flag": 2, "change_message": "[{\"changed\": {\"fields\": [\"aprobado\"]}}]"}}, {"model": "admin.logentry", "pk": 13, "fields": {"action_time": "2017-07-11T07:26:56.645", "user": 2, "content_type": 23, "object_id": "75", "object_repr": "Turno: RODRIGO CARDALES REYES - 2017-06-30", "action_flag": 2, "change_message": "[{\"changed\": {\"fields\": [\"aprobado\"]}}]"}}, {"model": "admin.logentry", "pk": 14, "fields": {"action_time": "2017-07-11T07:27:06.184", "user": 2, "content_type": 23, "object_id": "75", "object_repr": "Turno: RODRIGO CARDALES REYES - 2017-06-30", "action_flag": 2, "change_message": "[{\"changed\": {\"fields\": [\"aprobado\"]}}]"}}, {"model": "admin.logentry", "pk": 15, "fields": {"action_time": "2017-07-11T07:27:15.132", "user": 2, "content_type": 23, "object_id": "74", "object_repr": "Turno: HECTOR JULIAN CARDALES DE AVILA - 2017-06-30", "action_flag": 2, "change_message": "[{\"changed\": {\"fields\": [\"aprobado\"]}}]"}}, {"model": "admin.logentry", "pk": 16, "fields": {"action_time": "2017-07-11T07:27:24.332", "user": 2, "content_type": 23, "object_id": "70", "object_repr": "Turno: HECTOR JULIAN CARDALES DE AVILA - 2017-06-29", "action_flag": 2, "change_message": "[{\"changed\": {\"fields\": [\"aprobado\"]}}]"}}, {"model": "admin.logentry", "pk": 17, "fields": {"action_time": "2017-07-11T17:33:33.035", "user": 2, "content_type": 13, "object_id": "3", "object_repr": "ESTIBADOR PATIO CONTENEDORES", "action_flag": 1, "change_message": "[{\"added\": {}}]"}}, {"model": "admin.logentry", "pk": 18, "fields": {"action_time": "2017-07-11T17:45:17.459", "user": 2, "content_type": 22, "object_id": "11", "object_repr": "Contrato de ALFONSO GARCERANT LLAMAS", "action_flag": 1, "change_message": "[{\"added\": {}}]"}}, {"model": "admin.logentry", "pk": 19, "fields": {"action_time": "2017-07-11T17:47:44.593", "user": 2, "content_type": 22, "object_id": "12", "object_repr": "Contrato de JOHN JAIRO RAMIREZ CONTRERAS", "action_flag": 1, "change_message": "[{\"added\": {}}]"}}, {"model": "admin.logentry", "pk": 20, "fields": {"action_time": "2017-07-11T23:06:31.689", "user": 2, "content_type": 18, "object_id": "1", "object_repr": "BANCO DE BOGOT\u00c1", "action_flag": 1, "change_message": "[{\"added\": {}}]"}}, {"model": "admin.logentry", "pk": 21, "fields": {"action_time": "2017-07-11T23:24:13.781", "user": 1, "content_type": 9, "object_id": "3", "object_repr": "2017-06-01-None", "action_flag": 1, "change_message": "[{\"added\": {}}]"}}, {"model": "admin.logentry", "pk": 22, "fields": {"action_time": "2017-07-12T23:28:45.630", "user": 2, "content_type": 9, "object_id": "3", "object_repr": "2017-06-01-2017-06-30", "action_flag": 1, "change_message": "[{\"added\": {}}]"}}, {"model": "admin.logentry", "pk": 23, "fields": {"action_time": "2017-07-13T17:25:26.624", "user": 2, "content_type": 14, "object_id": "5", "object_repr": "WINCHEROS", "action_flag": 1, "change_message": "[{\"added\": {}}]"}}, {"model": "admin.logentry", "pk": 24, "fields": {"action_time": "2017-07-13T17:26:11.763", "user": 2, "content_type": 12, "object_id": "1", "object_repr": "para el WINCHEROS el(la) TON BUQUE DE GRANELES es a: $200", "action_flag": 1, "change_message": "[{\"added\": {}}]"}}, {"model": "admin.logentry", "pk": 25, "fields": {"action_time": "2017-07-13T17:26:28.610", "user": 2, "content_type": 12, "object_id": "2", "object_repr": "para el WINCHEROS el(la) TON PAPEL es a: $500", "action_flag": 1, "change_message": "[{\"added\": {}}]"}}, {"model": "admin.logentry", "pk": 26, "fields": {"action_time": "2017-07-13T17:26:46.411", "user": 2, "content_type": 12, "object_id": "3", "object_repr": "para el WINCHEROS el(la) TON TUBERIA es a: $400", "action_flag": 1, "change_message": "[{\"added\": {}}]"}}, {"model": "admin.logentry", "pk": 27, "fields": {"action_time": "2017-07-13T17:27:08.986", "user": 2, "content_type": 12, "object_id": "4", "object_repr": "para el WINCHEROS el(la) MOVIMIENTOS BUQUE DE CONT es a: $1200", "action_flag": 1, "change_message": "[{\"added\": {}}]"}}, {"model": "admin.logentry", "pk": 28, "fields": {"action_time": "2017-07-13T17:27:33.934", "user": 2, "content_type": 12, "object_id": "5", "object_repr": "para el WINCHEROS el(la) TON BUQUE DE CONTENEDORES es a: $500", "action_flag": 1, "change_message": "[{\"added\": {}}]"}}, {"model": "admin.logentry", "pk": 29, "fields": {"action_time": "2017-07-13T17:35:48.507", "user": 2, "content_type": 20, "object_id": "10", "object_repr": "HORAS MARITIMAS", "action_flag": 1, "change_message": "[{\"added\": {}}]"}}, {"model": "admin.logentry", "pk": 30, "fields": {"action_time": "2017-07-13T17:35:57.547", "user": 2, "content_type": 20, "object_id": "11", "object_repr": "TURNOS TERRESTRES", "action_flag": 1, "change_message": "[{\"added\": {}}]"}}, {"model": "admin.logentry", "pk": 31, "fields": {"action_time": "2017-07-13T17:36:14.049", "user": 2, "content_type": 20, "object_id": "12", "object_repr": "TON BUQUE DE GRANELES", "action_flag": 1, "change_message": "[{\"added\": {}}]"}}, {"model": "admin.logentry", "pk": 32, "fields": {"action_time": "2017-07-13T17:36:46.669", "user": 2, "content_type": 12, "object_id": "6", "object_repr": "para el SUPERVISOR OPERACIONES PORTUARIAS el(la) HORAS MARITIMAS es a: $4000", "action_flag": 1, "change_message": "[{\"added\": {}}]"}}, {"model": "admin.logentry", "pk": 33, "fields": {"action_time": "2017-07-13T17:37:17.778", "user": 2, "content_type": 12, "object_id": "7", "object_repr": "para el SUPERVISOR OPERACIONES PORTUARIAS el(la) TURNOS TERRESTRES es a: $40000", "action_flag": 1, "change_message": "[{\"added\": {}}]"}}, {"model": "admin.logentry", "pk": 34, "fields": {"action_time": "2017-07-13T17:38:35.725", "user": 2, "content_type": 12, "object_id": "8", "object_repr": "para el SUPERVISOR OPERACIONES PORTUARIAS el(la) MOVIMIENTOS BUQUE DE CONT es a: $500", "action_flag": 1, "change_message": "[{\"added\": {}}]"}}, {"model": "admin.logentry", "pk": 35, "fields": {"action_time": "2017-07-13T17:39:04.231", "user": 2, "content_type": 12, "object_id": "9", "object_repr": "para el SUPERVISOR OPERACIONES PORTUARIAS el(la) TON BUQUE DE GRANELES es a: $30", "action_flag": 1, "change_message": "[{\"added\": {}}]"}}, {"model": "admin.logentry", "pk": 36, "fields": {"action_time": "2017-07-13T17:39:59.861", "user": 2, "content_type": 20, "object_id": "6", "object_repr": "MOVIMIENTOS BUQUE DE CONTEN", "action_flag": 3, "change_message": ""}}, {"model": "admin.logentry", "pk": 37, "fields": {"action_time": "2017-07-13T17:43:20.819", "user": 2, "content_type": 15, "object_id": "13", "object_repr": "ALEXANDER BANQUEZ ARRIETA", "action_flag": 1, "change_message": "[{\"added\": {}}]"}}, {"model": "admin.logentry", "pk": 38, "fields": {"action_time": "2017-07-13T17:45:39.749", "user": 2, "content_type": 19, "object_id": "1", "object_repr": "BANCOLOMBIA", "action_flag": 2, "change_message": "[{\"changed\": {\"fields\": [\"nombre\"]}}]"}}, {"model": "admin.logentry", "pk": 39, "fields": {"action_time": "2017-07-13T17:45:51.311", "user": 2, "content_type": 15, "object_id": "14", "object_repr": "ALFREDO PEREZ DIAZ", "action_flag": 1, "change_message": "[{\"added\": {}}]"}}, {"model": "admin.logentry", "pk": 40, "fields": {"action_time": "2017-07-13T17:47:10.724", "user": 2, "content_type": 15, "object_id": "15", "object_repr": "CRYSTIAN ANDRES BALLESTAS BELE\u00d1O", "action_flag": 1, "change_message": "[{\"added\": {}}]"}}, {"model": "admin.logentry", "pk": 41, "fields": {"action_time": "2017-07-13T17:48:49.062", "user": 2, "content_type": 15, "object_id": "1", "object_repr": "AFRANIO ENRIQUE PARRA RODRIGUEZ", "action_flag": 2, "change_message": "[{\"changed\": {\"fields\": [\"email\", \"banco\"]}}]"}}, {"model": "admin.logentry", "pk": 42, "fields": {"action_time": "2017-07-13T17:49:32.203", "user": 2, "content_type": 15, "object_id": "15", "object_repr": "CRYSTIAN ANDRES BALLESTAS BELE\u00d1O", "action_flag": 2, "change_message": "[{\"changed\": {\"fields\": [\"banco\"]}}]"}}, {"model": "admin.logentry", "pk": 43, "fields": {"action_time": "2017-07-13T17:49:43.301", "user": 2, "content_type": 15, "object_id": "14", "object_repr": "ALFREDO PEREZ DIAZ", "action_flag": 2, "change_message": "[{\"changed\": {\"fields\": [\"banco\"]}}]"}}, {"model": "admin.logentry", "pk": 44, "fields": {"action_time": "2017-07-13T17:50:36.557", "user": 2, "content_type": 15, "object_id": "13", "object_repr": "ALEXANDER BANQUEZ ARRIETA", "action_flag": 2, "change_message": "[{\"changed\": {\"fields\": [\"banco\"]}}]"}}, {"model": "admin.logentry", "pk": 45, "fields": {"action_time": "2017-07-13T17:50:58.986", "user": 2, "content_type": 15, "object_id": "12", "object_repr": "JOHN JAIRO RAMIREZ CONTRERAS", "action_flag": 2, "change_message": "[{\"changed\": {\"fields\": [\"email\", \"banco\"]}}]"}}, {"model": "admin.logentry", "pk": 46, "fields": {"action_time": "2017-07-13T17:52:38.155", "user": 2, "content_type": 15, "object_id": "16", "object_repr": "WILSON RAFAEL GAMARRA HERAZO", "action_flag": 1, "change_message": "[{\"added\": {}}]"}}, {"model": "admin.logentry", "pk": 47, "fields": {"action_time": "2017-07-13T17:53:33.133", "user": 2, "content_type": 15, "object_id": "17", "object_repr": "PEDRO ANASTACIO RAMOS MACEA", "action_flag": 1, "change_message": "[{\"added\": {}}]"}}, {"model": "admin.logentry", "pk": 48, "fields": {"action_time": "2017-07-13T17:53:34.822", "user": 2, "content_type": 15, "object_id": "18", "object_repr": "DALMIRO JOSE FRANCO ORTIZ", "action_flag": 1, "change_message": "[{\"added\": {}}]"}}, {"model": "admin.logentry", "pk": 49, "fields": {"action_time": "2017-07-13T17:54:00.892", "user": 2, "content_type": 15, "object_id": "18", "object_repr": "DALMIRO JOSE FRANCO ORTIZ", "action_flag": 2, "change_message": "[{\"changed\": {\"fields\": [\"banco\"]}}]"}}, {"model": "admin.logentry", "pk": 50, "fields": {"action_time": "2017-07-13T17:54:50.307", "user": 2, "content_type": 15, "object_id": "19", "object_repr": "JUAN DE LA CRUZ PAJARO RODRIGUEZ", "action_flag": 1, "change_message": "[{\"added\": {}}]"}}, {"model": "admin.logentry", "pk": 51, "fields": {"action_time": "2017-07-13T17:55:30.513", "user": 2, "content_type": 15, "object_id": "20", "object_repr": "EDWIN ANTONIO MERCADO VILLAREAL", "action_flag": 1, "change_message": "[{\"added\": {}}]"}}, {"model": "admin.logentry", "pk": 52, "fields": {"action_time": "2017-07-13T17:56:02.624", "user": 2, "content_type": 15, "object_id": "21", "object_repr": "JORGE LUIS ESCALANTE ROSADO", "action_flag": 1, "change_message": "[{\"added\": {}}]"}}, {"model": "admin.logentry", "pk": 53, "fields": {"action_time": "2017-07-13T17:57:28.346", "user": 2, "content_type": 15, "object_id": "22", "object_repr": "ERIC NELSON HOWKINS PAYARES", "action_flag": 1, "change_message": "[{\"added\": {}}]"}}, {"model": "admin.logentry", "pk": 54, "fields": {"action_time": "2017-07-13T18:01:36.212", "user": 2, "content_type": 22, "object_id": "13", "object_repr": "Contrato de WILSON RAFAEL GAMARRA HERAZO", "action_flag": 1, "change_message": "[{\"added\": {}}]"}}, {"model": "admin.logentry", "pk": 55, "fields": {"action_time": "2017-07-13T18:01:57.469", "user": 2, "content_type": 22, "object_id": "14", "object_repr": "Contrato de ALEXANDER BANQUEZ ARRIETA", "action_flag": 1, "change_message": "[{\"added\": {}}]"}}, {"model": "admin.logentry", "pk": 56, "fields": {"action_time": "2017-07-13T18:03:27.112", "user": 2, "content_type": 22, "object_id": "15", "object_repr": "Contrato de PEDRO ANASTACIO RAMOS MACEA", "action_flag": 1, "change_message": "[{\"added\": {}}]"}}, {"model": "admin.logentry", "pk": 57, "fields": {"action_time": "2017-07-13T18:03:38.150", "user": 2, "content_type": 22, "object_id": "16", "object_repr": "Contrato de ALFREDO PEREZ DIAZ", "action_flag": 1, "change_message": "[{\"added\": {}}]"}}, {"model": "admin.logentry", "pk": 58, "fields": {"action_time": "2017-07-13T18:04:34.757", "user": 2, "content_type": 22, "object_id": "17", "object_repr": "Contrato de JUAN DE LA CRUZ PAJARO RODRIGUEZ", "action_flag": 1, "change_message": "[{\"added\": {}}]"}}, {"model": "admin.logentry", "pk": 59, "fields": {"action_time": "2017-07-13T18:04:37.315", "user": 2, "content_type": 22, "object_id": "18", "object_repr": "Contrato de CRYSTIAN ANDRES BALLESTAS BELE\u00d1O", "action_flag": 1, "change_message": "[{\"added\": {}}]"}}, {"model": "admin.logentry", "pk": 60, "fields": {"action_time": "2017-07-13T18:05:16.850", "user": 2, "content_type": 22, "object_id": "19", "object_repr": "Contrato de DALMIRO JOSE FRANCO ORTIZ", "action_flag": 1, "change_message": "[{\"added\": {}}]"}}, {"model": "admin.logentry", "pk": 61, "fields": {"action_time": "2017-07-13T18:05:23.936", "user": 2, "content_type": 22, "object_id": "20", "object_repr": "Contrato de JORGE LUIS ESCALANTE ROSADO", "action_flag": 1, "change_message": "[{\"added\": {}}]"}}, {"model": "admin.logentry", "pk": 62, "fields": {"action_time": "2017-07-13T18:05:57.658", "user": 2, "content_type": 22, "object_id": "21", "object_repr": "Contrato de EDWIN ANTONIO MERCADO VILLAREAL", "action_flag": 1, "change_message": "[{\"added\": {}}]"}}, {"model": "admin.logentry", "pk": 63, "fields": {"action_time": "2017-07-13T18:06:12.305", "user": 2, "content_type": 22, "object_id": "22", "object_repr": "Contrato de ERIC NELSON HOWKINS PAYARES", "action_flag": 1, "change_message": "[{\"added\": {}}]"}}, {"model": "admin.logentry", "pk": 64, "fields": {"action_time": "2017-07-13T18:47:11.840", "user": 2, "content_type": 24, "object_id": "1", "object_repr": "Produccion object", "action_flag": 1, "change_message": "[{\"added\": {}}]"}}, {"model": "admin.logentry", "pk": 65, "fields": {"action_time": "2017-07-13T18:49:15.369", "user": 2, "content_type": 24, "object_id": "2", "object_repr": "Produccion object", "action_flag": 1, "change_message": "[{\"added\": {}}]"}}, {"model": "admin.logentry", "pk": 66, "fields": {"action_time": "2017-07-13T18:50:37.080", "user": 2, "content_type": 24, "object_id": "3", "object_repr": "Produccion object", "action_flag": 1, "change_message": "[{\"added\": {}}]"}}, {"model": "admin.logentry", "pk": 67, "fields": {"action_time": "2017-07-14T19:11:35.380", "user": 2, "content_type": 7, "object_id": "1", "object_repr": "Configuraci\u00f3n Mensual Primer Dia 15 Segundo dia 31", "action_flag": 2, "change_message": "[{\"changed\": {\"fields\": [\"primer_dia\", \"segundo_dia\", \"h_almuerzo_fin\"]}}]"}}, {"model": "admin.logentry", "pk": 68, "fields": {"action_time": "2017-07-14T19:22:00.794", "user": 2, "content_type": 23, "object_id": "123", "object_repr": "Turno: JOHN JAIRO RAMIREZ CONTRERAS - 2017-06-30", "action_flag": 2, "change_message": "[]"}}, {"model": "admin.logentry", "pk": 69, "fields": {"action_time": "2017-07-14T19:24:12.799", "user": 2, "content_type": 23, "object_id": "123", "object_repr": "Turno: JOHN JAIRO RAMIREZ CONTRERAS - 2017-06-30", "action_flag": 2, "change_message": "[{\"changed\": {\"fields\": [\"descontar_almuerzo\"]}}]"}}]