[{"model": "auth.user", "pk": 1, "fields": {"password": "pbkdf2_sha256$36000$X2oMeZcr84Eh$AguWe8W7RZHPeMJDvRxGdp3XsRQeduAW6QaqZh3a3Kc=", "last_login": "2017-07-11T03:44:34.182", "is_superuser": true, "username": "admin", "first_name": "", "last_name": "", "email": "yamidpico@exile.com.co", "is_staff": true, "is_active": true, "date_joined": "2017-07-06T17:20:42.077", "groups": [], "user_permissions": []}}, {"model": "auth.user", "pk": 2, "fields": {"password": "pbkdf2_sha256$36000$JPSJCXhF8SdT$+LjqZkXcwTR1hUDqHW5mwNZMRE5enZfatltwKqscAiY=", "last_login": "2017-07-11T04:31:21.334", "is_superuser": true, "username": "asistente1", "first_name": "Yamid", "last_name": "Pico Leal", "email": "yamidpico@exile.com.co", "is_staff": true, "is_active": true, "date_joined": "2017-07-06T19:03:00", "groups": [], "user_permissions": []}}, {"model": "auth.user", "pk": 3, "fields": {"password": "pbkdf2_sha256$36000$BW5mL1hUL9sM$KE6XJ/YK7BI0UlW3FC8QmNC2lM2eP65wfXEIvKiCajs=", "last_login": null, "is_superuser": false, "username": "mariobp", "first_name": "Mario", "last_name": "Barrios", "email": "mariobarrios@exile.com.co", "is_staff": false, "is_active": true, "date_joined": "2017-07-06T20:33:18.459", "groups": [], "user_permissions": []}}, {"model": "sessions.session", "pk": "3s3jh3xogpa7dlquwgbibgw784mzjcjp", "fields": {"session_data": "MmExZmQ2M2RjNGEwOGU2OGJjNmRmYjYyOWM1OWU2YWFlNDQwYTVmNzp7Il9hdXRoX3VzZXJfaGFzaCI6IjgyNGJkZjg1OWRhNDA2ZjExNzNlZDIxNmEwZTVkMDUxZTBkNDkwY2MiLCJfYXV0aF91c2VyX2JhY2tlbmQiOiJkamFuZ28uY29udHJpYi5hdXRoLmJhY2tlbmRzLk1vZGVsQmFja2VuZCIsIl9hdXRoX3VzZXJfaWQiOiIxIn0=", "expire_date": "2017-07-25T03:44:34.439"}}, {"model": "sessions.session", "pk": "6bw4j9ermvmu5vupt137kbrvojfhbp5u", "fields": {"session_data": "MWZmMDQ4MDg3NTg1M2Y0MjUyYWU3MTRkOTM1YTUxN2E2ZmQ1YWFmNjp7Il9hdXRoX3VzZXJfaGFzaCI6IjE2MTFjNzU0ZjU2NDEzMzJlNGE0Y2VhOThmMWRiOWU1YTYyNWFlNDUiLCJfYXV0aF91c2VyX2lkIjoiMiIsIl9hdXRoX3VzZXJfYmFja2VuZCI6ImRqYW5nby5jb250cmliLmF1dGguYmFja2VuZHMuTW9kZWxCYWNrZW5kIn0=", "expire_date": "2017-07-25T04:31:21.440"}}, {"model": "sessions.session", "pk": "c2fwvc5kq6jik7qedfach6hds14mwzmx", "fields": {"session_data": "OTM4YzliNzdkOTM5NWI2YjYwNDk5ZmEyYzQ2YTFlMjc1MmM2MDM2NTp7Il9hdXRoX3VzZXJfaGFzaCI6IjE2MTFjNzU0ZjU2NDEzMzJlNGE0Y2VhOThmMWRiOWU1YTYyNWFlNDUiLCJfYXV0aF91c2VyX2JhY2tlbmQiOiJkamFuZ28uY29udHJpYi5hdXRoLmJhY2tlbmRzLk1vZGVsQmFja2VuZCIsIl9hdXRoX3VzZXJfaWQiOiIyIn0=", "expire_date": "2017-07-20T21:55:16.523"}}, {"model": "sessions.session", "pk": "tv87iewbts6uhul4a97umwlfnp3ok1el", "fields": {"session_data": "OTM4YzliNzdkOTM5NWI2YjYwNDk5ZmEyYzQ2YTFlMjc1MmM2MDM2NTp7Il9hdXRoX3VzZXJfaGFzaCI6IjE2MTFjNzU0ZjU2NDEzMzJlNGE0Y2VhOThmMWRiOWU1YTYyNWFlNDUiLCJfYXV0aF91c2VyX2JhY2tlbmQiOiJkamFuZ28uY29udHJpYi5hdXRoLmJhY2tlbmRzLk1vZGVsQmFja2VuZCIsIl9hdXRoX3VzZXJfaWQiOiIyIn0=", "expire_date": "2017-07-21T23:54:56.078"}}, {"model": "sessions.session", "pk": "uo7l7dvs9bx0umu88dz0p77ncnd79eyd", "fields": {"session_data": "MWZmMDQ4MDg3NTg1M2Y0MjUyYWU3MTRkOTM1YTUxN2E2ZmQ1YWFmNjp7Il9hdXRoX3VzZXJfaGFzaCI6IjE2MTFjNzU0ZjU2NDEzMzJlNGE0Y2VhOThmMWRiOWU1YTYyNWFlNDUiLCJfYXV0aF91c2VyX2lkIjoiMiIsIl9hdXRoX3VzZXJfYmFja2VuZCI6ImRqYW5nby5jb250cmliLmF1dGguYmFja2VuZHMuTW9kZWxCYWNrZW5kIn0=", "expire_date": "2017-07-20T19:22:50.218"}}, {"model": "sessions.session", "pk": "xelr00cu1f14svae7gg62m4usxd2x7wa", "fields": {"session_data": "OTM4YzliNzdkOTM5NWI2YjYwNDk5ZmEyYzQ2YTFlMjc1MmM2MDM2NTp7Il9hdXRoX3VzZXJfaGFzaCI6IjE2MTFjNzU0ZjU2NDEzMzJlNGE0Y2VhOThmMWRiOWU1YTYyNWFlNDUiLCJfYXV0aF91c2VyX2JhY2tlbmQiOiJkamFuZ28uY29udHJpYi5hdXRoLmJhY2tlbmRzLk1vZGVsQmFja2VuZCIsIl9hdXRoX3VzZXJfaWQiOiIyIn0=", "expire_date": "2017-07-20T21:56:01.896"}}, {"model": "sessions.session", "pk": "xpwwhvzyb6dqf938rshp4fgshf2uxagy", "fields": {"session_data": "OTM4YzliNzdkOTM5NWI2YjYwNDk5ZmEyYzQ2YTFlMjc1MmM2MDM2NTp7Il9hdXRoX3VzZXJfaGFzaCI6IjE2MTFjNzU0ZjU2NDEzMzJlNGE0Y2VhOThmMWRiOWU1YTYyNWFlNDUiLCJfYXV0aF91c2VyX2JhY2tlbmQiOiJkamFuZ28uY29udHJpYi5hdXRoLmJhY2tlbmRzLk1vZGVsQmFja2VuZCIsIl9hdXRoX3VzZXJfaWQiOiIyIn0=", "expire_date": "2017-07-20T19:38:48.936"}}, {"model": "sessions.session", "pk": "ygexemxq5o9gs17hfy6sktig3wuoc2lj", "fields": {"session_data": "NjczNjFmZTUzY2E5ZjIwZDk0YjBkNTA5NDdjM2UyNjUxMDM5Y2QwMTp7Il9hdXRoX3VzZXJfaGFzaCI6IjgyNGJkZjg1OWRhNDA2ZjExNzNlZDIxNmEwZTVkMDUxZTBkNDkwY2MiLCJfYXV0aF91c2VyX2lkIjoiMSIsIl9hdXRoX3VzZXJfYmFja2VuZCI6ImRqYW5nby5jb250cmliLmF1dGguYmFja2VuZHMuTW9kZWxCYWNrZW5kIn0=", "expire_date": "2017-07-20T19:07:07.335"}}, {"model": "sessions.session", "pk": "yor3p01x69gqta3p8n9acpx8rpi6pwnj", "fields": {"session_data": "OTM4YzliNzdkOTM5NWI2YjYwNDk5ZmEyYzQ2YTFlMjc1MmM2MDM2NTp7Il9hdXRoX3VzZXJfaGFzaCI6IjE2MTFjNzU0ZjU2NDEzMzJlNGE0Y2VhOThmMWRiOWU1YTYyNWFlNDUiLCJfYXV0aF91c2VyX2JhY2tlbmQiOiJkamFuZ28uY29udHJpYi5hdXRoLmJhY2tlbmRzLk1vZGVsQmFja2VuZCIsIl9hdXRoX3VzZXJfaWQiOiIyIn0=", "expire_date": "2017-07-22T06:47:10.475"}}, {"model": "sessions.session", "pk": "z3fdnqnhfaa34vsi5f7zzs4y6bnw9nmm", "fields": {"session_data": "MWZmMDQ4MDg3NTg1M2Y0MjUyYWU3MTRkOTM1YTUxN2E2ZmQ1YWFmNjp7Il9hdXRoX3VzZXJfaGFzaCI6IjE2MTFjNzU0ZjU2NDEzMzJlNGE0Y2VhOThmMWRiOWU1YTYyNWFlNDUiLCJfYXV0aF91c2VyX2lkIjoiMiIsIl9hdXRoX3VzZXJfYmFja2VuZCI6ImRqYW5nby5jb250cmliLmF1dGguYmFja2VuZHMuTW9kZWxCYWNrZW5kIn0=", "expire_date": "2017-07-20T19:09:32.811"}}, {"model": "configuracion.configuracion", "pk": 1, "fields": {"tipo_corte": 0, "primer_dia": 1, "segundo_dia": 15, "nit": "1", "numero_cuenta": "1", "tipo_cuenta": "S", "h_recargo_nocturno_inicio": "21:00:00", "h_recargo_nocturno_fin": "06:00:00", "h_almuerzo_inicio": "12:00:00", "h_almuerzo_fin": "12:00:00", "descuento_salud": 10, "prestaciones_sociales": 10, "nocturna": 1, "dominical": 1, "nocturna_dominical": 10, "extra_diurna": 10, "extra_nocturna": 10, "extra_dominical_diurna": 10, "extra_dominical_nocturna": 10, "creator": 2, "last_editor": 2, "tarifario": []}}, {"model": "recursos_h.unidadproduccion", "pk": 1, "fields": {"nombre": "unidad1", "creator": 1, "last_editor": 1, "eliminado": false, "eliminado_por": null}}, {"model": "recursos_h.cargo", "pk": 1, "fields": {"nombre": "TARJADOR MARITIMO", "creator": 1, "last_editor": 1, "eliminado": false, "eliminado_por": null, "unidades_produccion": []}}, {"model": "recursos_h.cargo", "pk": 2, "fields": {"nombre": "ESTIBADOR CARGA GENERAL", "creator": 1, "last_editor": 1, "eliminado": false, "eliminado_por": null, "unidades_produccion": [1]}}, {"model": "recursos_h.pension", "pk": 1, "fields": {"nombre": "COLPENSIONES", "codigo": "1", "creator": 2, "last_editor": 2, "eliminado": false, "eliminado_por": null}}, {"model": "recursos_h.pension", "pk": 2, "fields": {"nombre": "PORVENIR", "codigo": "1", "creator": 2, "last_editor": 2, "eliminado": false, "eliminado_por": null}}, {"model": "recursos_h.eps", "pk": 1, "fields": {"nombre": "COOMEVA", "codigo": "1", "creator": 2, "last_editor": 2, "eliminado": false, "eliminado_por": null}}, {"model": "recursos_h.eps", "pk": 2, "fields": {"nombre": "SURA", "codigo": "1", "creator": 2, "last_editor": 2, "eliminado": false, "eliminado_por": null}}, {"model": "recursos_h.eps", "pk": 3, "fields": {"nombre": "SALUD TOTAL", "codigo": "1", "creator": 2, "last_editor": 2, "eliminado": false, "eliminado_por": null}}, {"model": "recursos_h.eps", "pk": 4, "fields": {"nombre": "GOLDEN GROUP", "codigo": "1", "creator": 2, "last_editor": 2, "eliminado": false, "eliminado_por": null}}, {"model": "recursos_h.eps", "pk": 5, "fields": {"nombre": "COOSALUD", "codigo": "12", "creator": 2, "last_editor": 2, "eliminado": false, "eliminado_por": null}}, {"model": "recursos_h.cesantia", "pk": 1, "fields": {"nombre": "PORVENIR", "codigo": "1", "creator": 2, "last_editor": 2, "eliminado": false, "eliminado_por": null}}, {"model": "recursos_h.cajacompensacion", "pk": 1, "fields": {"nombre": "COMFENALCO", "codigo": "1", "creator": 2, "last_editor": 2, "eliminado": false, "eliminado_por": null}}, {"model": "recursos_h.empleado", "pk": 1, "fields": {"nombre": "AFRANIO ENRIQUE", "apellidos": "PARRA RODRIGUEZ", "cedula": "73152066", "fecha_nacimiento": "1989-12-27", "cargo": 1, "pension": 1, "eps": 1, "cesantia": 1, "cajacompensacion": 1, "email": "", "creator": 2, "last_editor": 2}}, {"model": "recursos_h.empleado", "pk": 2, "fields": {"nombre": "DAIRON YESEEP", "apellidos": "REY LUNA", "cedula": "1143366485", "fecha_nacimiento": "1989-12-27", "cargo": 1, "pension": 2, "eps": 2, "cesantia": 1, "cajacompensacion": 1, "email": "", "creator": 2, "last_editor": 2}}, {"model": "recursos_h.empleado", "pk": 3, "fields": {"nombre": "EDGAR ANTONIO", "apellidos": "COHEN ORTEGA", "cedula": "73088740", "fecha_nacimiento": "1989-12-27", "cargo": 1, "pension": 2, "eps": 3, "cesantia": 1, "cajacompensacion": 1, "email": "", "creator": 2, "last_editor": 2}}, {"model": "recursos_h.empleado", "pk": 4, "fields": {"nombre": "ELIAS", "apellidos": "VITOLA ACEVEDO", "cedula": "1143342223", "fecha_nacimiento": "1989-12-27", "cargo": 1, "pension": 2, "eps": 3, "cesantia": 1, "cajacompensacion": 1, "email": "", "creator": 2, "last_editor": 2}}, {"model": "recursos_h.empleado", "pk": 5, "fields": {"nombre": "ISIDORO", "apellidos": "VALDEZ REYES", "cedula": "1128063862", "fecha_nacimiento": "1989-12-27", "cargo": 1, "pension": 2, "eps": 4, "cesantia": 1, "cajacompensacion": 1, "email": "", "creator": 2, "last_editor": 2}}, {"model": "recursos_h.empleado", "pk": 6, "fields": {"nombre": "NELSON", "apellidos": "WATSS VIVANCO", "cedula": "73113531", "fecha_nacimiento": "1989-12-27", "cargo": 1, "pension": 2, "eps": 3, "cesantia": 1, "cajacompensacion": 1, "email": "", "creator": 2, "last_editor": 2}}, {"model": "recursos_h.empleado", "pk": 7, "fields": {"nombre": "HECTOR JULIAN", "apellidos": "CARDALES DE AVILA", "cedula": "73082581", "fecha_nacimiento": "2017-07-10", "cargo": 2, "pension": 2, "eps": 3, "cesantia": 1, "cajacompensacion": 1, "email": "", "creator": 2, "last_editor": 2}}, {"model": "recursos_h.empleado", "pk": 8, "fields": {"nombre": "LUIS RAFAEL", "apellidos": "CASTLLO MATURANA", "cedula": "73198267", "fecha_nacimiento": "2017-07-10", "cargo": 2, "pension": 2, "eps": 5, "cesantia": 1, "cajacompensacion": 1, "email": "", "creator": 2, "last_editor": 2}}, {"model": "recursos_h.empleado", "pk": 9, "fields": {"nombre": "RODRIGO", "apellidos": "CARDALES REYES", "cedula": "1047404998", "fecha_nacimiento": "2017-05-01", "cargo": 2, "pension": 2, "eps": 3, "cesantia": 1, "cajacompensacion": 1, "email": "", "creator": 2, "last_editor": 2}}, {"model": "recursos_h.empleado", "pk": 10, "fields": {"nombre": "RONALD", "apellidos": "HERRERA DE LA ROSA", "cedula": "73190496", "fecha_nacimiento": "2017-07-10", "cargo": 2, "pension": 2, "eps": 3, "cesantia": 1, "cajacompensacion": 1, "email": "", "creator": 2, "last_editor": 2}}, {"model": "recursos_h.tipocontrato", "pk": 1, "fields": {"nombre": "Contrato laboral", "modalidad": 2, "creator": 2, "last_editor": 2, "eliminado": false, "eliminado_por": null}}, {"model": "recursos_h.tipocontrato", "pk": 2, "fields": {"nombre": "Producci\u00f3n", "modalidad": 1, "creator": 2, "last_editor": 2, "eliminado": false, "eliminado_por": null}}, {"model": "recursos_h.tipocontrato", "pk": 3, "fields": {"nombre": "Prestaci\u00f3n de servicios", "modalidad": 2, "creator": 2, "last_editor": 2, "eliminado": false, "eliminado_por": null}}, {"model": "recursos_h.contrato", "pk": 1, "fields": {"empleado": 1, "tipo_contrato": 1, "salario_base": "737715.00", "subsidio_transporte": "0.00", "fecha_inicio": "2014-01-21", "fecha_finalizacion": null, "descanso_turno": false, "inicio_descanso": null, "duracion_descanso": null, "horas_trabajo": 8, "horas_trabajo_semanal": 40, "horas_trabajo_corte": 160, "creator": 2, "last_editor": 2, "eliminado": false, "eliminado_por": null}}, {"model": "recursos_h.contrato", "pk": 2, "fields": {"empleado": 2, "tipo_contrato": 1, "salario_base": "737715.00", "subsidio_transporte": "0.00", "fecha_inicio": "2017-03-25", "fecha_finalizacion": null, "descanso_turno": false, "inicio_descanso": null, "duracion_descanso": null, "horas_trabajo": 8, "horas_trabajo_semanal": 40, "horas_trabajo_corte": 160, "creator": 2, "last_editor": 2, "eliminado": false, "eliminado_por": null}}, {"model": "recursos_h.contrato", "pk": 3, "fields": {"empleado": 3, "tipo_contrato": 1, "salario_base": "737715.00", "subsidio_transporte": "0.00", "fecha_inicio": "2014-01-01", "fecha_finalizacion": null, "descanso_turno": false, "inicio_descanso": null, "duracion_descanso": null, "horas_trabajo": 8, "horas_trabajo_semanal": 40, "horas_trabajo_corte": 160, "creator": 2, "last_editor": 2, "eliminado": false, "eliminado_por": null}}, {"model": "recursos_h.contrato", "pk": 4, "fields": {"empleado": 4, "tipo_contrato": 1, "salario_base": "737715.00", "subsidio_transporte": "0.00", "fecha_inicio": "2016-12-29", "fecha_finalizacion": null, "descanso_turno": false, "inicio_descanso": null, "duracion_descanso": null, "horas_trabajo": 8, "horas_trabajo_semanal": 40, "horas_trabajo_corte": 160, "creator": 2, "last_editor": 2, "eliminado": false, "eliminado_por": null}}, {"model": "recursos_h.contrato", "pk": 5, "fields": {"empleado": 5, "tipo_contrato": 1, "salario_base": "737715.00", "subsidio_transporte": "0.00", "fecha_inicio": "2016-02-16", "fecha_finalizacion": null, "descanso_turno": false, "inicio_descanso": null, "duracion_descanso": null, "horas_trabajo": 8, "horas_trabajo_semanal": 40, "horas_trabajo_corte": 160, "creator": 2, "last_editor": 2, "eliminado": false, "eliminado_por": null}}, {"model": "recursos_h.contrato", "pk": 6, "fields": {"empleado": 6, "tipo_contrato": 1, "salario_base": "737715.00", "subsidio_transporte": "0.00", "fecha_inicio": "2014-01-01", "fecha_finalizacion": null, "descanso_turno": false, "inicio_descanso": null, "duracion_descanso": null, "horas_trabajo": 8, "horas_trabajo_semanal": 40, "horas_trabajo_corte": 160, "creator": 2, "last_editor": 2, "eliminado": false, "eliminado_por": null}}, {"model": "recursos_h.contrato", "pk": 7, "fields": {"empleado": 7, "tipo_contrato": 1, "salario_base": "737715.00", "subsidio_transporte": "83140.00", "fecha_inicio": "2016-02-16", "fecha_finalizacion": null, "descanso_turno": false, "inicio_descanso": null, "duracion_descanso": null, "horas_trabajo": 8, "horas_trabajo_semanal": 48, "horas_trabajo_corte": 240, "creator": 2, "last_editor": 2, "eliminado": false, "eliminado_por": null}}, {"model": "recursos_h.contrato", "pk": 8, "fields": {"empleado": 8, "tipo_contrato": 1, "salario_base": "737715.00", "subsidio_transporte": "83140.00", "fecha_inicio": "2016-10-22", "fecha_finalizacion": null, "descanso_turno": false, "inicio_descanso": 0, "duracion_descanso": null, "horas_trabajo": 8, "horas_trabajo_semanal": 48, "horas_trabajo_corte": 240, "creator": 2, "last_editor": 2, "eliminado": false, "eliminado_por": null}}, {"model": "recursos_h.contrato", "pk": 9, "fields": {"empleado": 9, "tipo_contrato": 1, "salario_base": "737715.00", "subsidio_transporte": "83140.00", "fecha_inicio": "2016-02-16", "fecha_finalizacion": null, "descanso_turno": false, "inicio_descanso": null, "duracion_descanso": null, "horas_trabajo": 8, "horas_trabajo_semanal": 48, "horas_trabajo_corte": 240, "creator": 2, "last_editor": 2, "eliminado": false, "eliminado_por": null}}, {"model": "recursos_h.contrato", "pk": 10, "fields": {"empleado": 10, "tipo_contrato": 1, "salario_base": "737715.00", "subsidio_transporte": "83140.00", "fecha_inicio": "2016-02-05", "fecha_finalizacion": null, "descanso_turno": false, "inicio_descanso": null, "duracion_descanso": null, "horas_trabajo": 8, "horas_trabajo_semanal": 48, "horas_trabajo_corte": 240, "creator": 2, "last_editor": 2, "eliminado": false, "eliminado_por": null}}, {"model": "turno.turno", "pk": 1, "fields": {"empleado": 7, "entrada": "2017-06-01T11:00:00", "salida": "2017-06-01T23:00:00", "aprobado": false, "aprobado_user": null, "creator": null, "last_editor": null, "extras": [], "nocturna": [], "diurna": [], "dominical": []}}, {"model": "turno.turno", "pk": 2, "fields": {"empleado": 9, "entrada": "2017-06-01T11:00:00", "salida": "2017-06-01T23:00:00", "aprobado": false, "aprobado_user": null, "creator": null, "last_editor": null, "extras": [], "nocturna": [], "diurna": [], "dominical": []}}, {"model": "turno.turno", "pk": 3, "fields": {"empleado": 8, "entrada": "2017-06-01T23:00:00", "salida": "2017-06-02T10:00:00", "aprobado": false, "aprobado_user": null, "creator": null, "last_editor": null, "extras": [], "nocturna": [], "diurna": [], "dominical": []}}, {"model": "turno.turno", "pk": 4, "fields": {"empleado": 7, "entrada": "2017-06-02T11:00:00", "salida": "2017-06-02T23:00:00", "aprobado": false, "aprobado_user": null, "creator": null, "last_editor": null, "extras": [], "nocturna": [], "diurna": [], "dominical": []}}, {"model": "turno.turno", "pk": 5, "fields": {"empleado": 9, "entrada": "2017-06-02T11:00:00", "salida": "2017-06-02T23:00:00", "aprobado": false, "aprobado_user": null, "creator": null, "last_editor": null, "extras": [], "nocturna": [], "diurna": [], "dominical": []}}, {"model": "turno.turno", "pk": 6, "fields": {"empleado": 8, "entrada": "2017-06-02T23:00:00", "salida": "2017-06-03T10:00:00", "aprobado": false, "aprobado_user": null, "creator": null, "last_editor": null, "extras": [], "nocturna": [], "diurna": [], "dominical": []}}, {"model": "turno.turno", "pk": 7, "fields": {"empleado": 7, "entrada": "2017-06-03T11:00:00", "salida": "2017-06-03T23:00:00", "aprobado": false, "aprobado_user": null, "creator": null, "last_editor": null, "extras": [], "nocturna": [], "diurna": [], "dominical": []}}, {"model": "turno.turno", "pk": 8, "fields": {"empleado": 10, "entrada": "2017-06-03T11:00:00", "salida": "2017-06-03T23:00:00", "aprobado": false, "aprobado_user": null, "creator": null, "last_editor": null, "extras": [], "nocturna": [], "diurna": [], "dominical": []}}, {"model": "turno.turno", "pk": 9, "fields": {"empleado": 7, "entrada": "2017-06-04T11:00:00", "salida": "2017-06-04T23:00:00", "aprobado": false, "aprobado_user": null, "creator": null, "last_editor": null, "extras": [], "nocturna": [], "diurna": [], "dominical": []}}, {"model": "turno.turno", "pk": 10, "fields": {"empleado": 7, "entrada": "2017-06-05T11:00:00", "salida": "2017-06-05T23:00:00", "aprobado": false, "aprobado_user": null, "creator": null, "last_editor": null, "extras": [], "nocturna": [], "diurna": [], "dominical": []}}, {"model": "turno.turno", "pk": 11, "fields": {"empleado": 7, "entrada": "2017-06-06T11:00:00", "salida": "2017-06-06T23:00:00", "aprobado": false, "aprobado_user": null, "creator": null, "last_editor": null, "extras": [], "nocturna": [], "diurna": [], "dominical": []}}, {"model": "turno.turno", "pk": 12, "fields": {"empleado": 9, "entrada": "2017-06-06T11:00:00", "salida": "2017-06-06T23:00:00", "aprobado": false, "aprobado_user": null, "creator": null, "last_editor": null, "extras": [], "nocturna": [], "diurna": [], "dominical": []}}, {"model": "turno.turno", "pk": 13, "fields": {"empleado": 10, "entrada": "2017-06-06T11:00:00", "salida": "2017-06-06T21:00:00", "aprobado": false, "aprobado_user": null, "creator": null, "last_editor": null, "extras": [], "nocturna": [], "diurna": [], "dominical": []}}, {"model": "turno.turno", "pk": 14, "fields": {"empleado": 7, "entrada": "2017-06-07T11:00:00", "salida": "2017-06-07T23:00:00", "aprobado": false, "aprobado_user": null, "creator": null, "last_editor": null, "extras": [], "nocturna": [], "diurna": [], "dominical": []}}, {"model": "turno.turno", "pk": 15, "fields": {"empleado": 9, "entrada": "2017-06-07T11:00:00", "salida": "2017-06-07T23:00:00", "aprobado": false, "aprobado_user": null, "creator": null, "last_editor": null, "extras": [], "nocturna": [], "diurna": [], "dominical": []}}, {"model": "turno.turno", "pk": 16, "fields": {"empleado": 10, "entrada": "2017-06-07T11:00:00", "salida": "2017-06-07T21:00:00", "aprobado": false, "aprobado_user": null, "creator": null, "last_editor": null, "extras": [], "nocturna": [], "diurna": [], "dominical": []}}, {"model": "turno.turno", "pk": 17, "fields": {"empleado": 7, "entrada": "2017-06-08T11:00:00", "salida": "2017-06-08T23:00:00", "aprobado": false, "aprobado_user": null, "creator": null, "last_editor": null, "extras": [], "nocturna": [], "diurna": [], "dominical": []}}, {"model": "turno.turno", "pk": 18, "fields": {"empleado": 9, "entrada": "2017-06-08T11:00:00", "salida": "2017-06-08T23:00:00", "aprobado": false, "aprobado_user": null, "creator": null, "last_editor": null, "extras": [], "nocturna": [], "diurna": [], "dominical": []}}, {"model": "turno.turno", "pk": 19, "fields": {"empleado": 7, "entrada": "2017-06-09T11:00:00", "salida": "2017-06-09T23:00:00", "aprobado": false, "aprobado_user": null, "creator": null, "last_editor": null, "extras": [], "nocturna": [], "diurna": [], "dominical": []}}, {"model": "turno.turno", "pk": 20, "fields": {"empleado": 9, "entrada": "2017-06-09T11:00:00", "salida": "2017-06-09T23:00:00", "aprobado": false, "aprobado_user": null, "creator": null, "last_editor": null, "extras": [], "nocturna": [], "diurna": [], "dominical": []}}, {"model": "turno.turno", "pk": 21, "fields": {"empleado": 10, "entrada": "2017-06-09T11:00:00", "salida": "2017-06-09T21:00:00", "aprobado": false, "aprobado_user": null, "creator": null, "last_editor": null, "extras": [], "nocturna": [], "diurna": [], "dominical": []}}, {"model": "turno.turno", "pk": 22, "fields": {"empleado": 7, "entrada": "2017-06-10T11:00:00", "salida": "2017-06-10T23:00:00", "aprobado": false, "aprobado_user": null, "creator": null, "last_editor": null, "extras": [], "nocturna": [], "diurna": [], "dominical": []}}, {"model": "turno.turno", "pk": 23, "fields": {"empleado": 9, "entrada": "2017-06-10T11:00:00", "salida": "2017-06-10T23:00:00", "aprobado": false, "aprobado_user": null, "creator": null, "last_editor": null, "extras": [], "nocturna": [], "diurna": [], "dominical": []}}, {"model": "turno.turno", "pk": 24, "fields": {"empleado": 7, "entrada": "2017-06-12T11:00:00", "salida": "2017-06-12T23:00:00", "aprobado": false, "aprobado_user": null, "creator": null, "last_editor": null, "extras": [], "nocturna": [], "diurna": [], "dominical": []}}, {"model": "turno.turno", "pk": 25, "fields": {"empleado": 10, "entrada": "2017-06-12T11:00:00", "salida": "2017-06-12T23:00:00", "aprobado": false, "aprobado_user": null, "creator": null, "last_editor": null, "extras": [], "nocturna": [], "diurna": [], "dominical": []}}, {"model": "turno.turno", "pk": 26, "fields": {"empleado": 7, "entrada": "2017-06-13T11:00:00", "salida": "2017-06-13T23:00:00", "aprobado": false, "aprobado_user": null, "creator": null, "last_editor": null, "extras": [], "nocturna": [], "diurna": [], "dominical": []}}, {"model": "turno.turno", "pk": 27, "fields": {"empleado": 10, "entrada": "2017-06-13T11:00:00", "salida": "2017-06-13T23:00:00", "aprobado": false, "aprobado_user": null, "creator": null, "last_editor": null, "extras": [], "nocturna": [], "diurna": [], "dominical": []}}, {"model": "turno.turno", "pk": 28, "fields": {"empleado": 7, "entrada": "2017-06-14T11:00:00", "salida": "2017-06-14T23:00:00", "aprobado": false, "aprobado_user": null, "creator": null, "last_editor": null, "extras": [], "nocturna": [], "diurna": [], "dominical": []}}, {"model": "turno.turno", "pk": 29, "fields": {"empleado": 9, "entrada": "2017-06-14T11:00:00", "salida": "2017-06-14T23:00:00", "aprobado": false, "aprobado_user": null, "creator": null, "last_editor": null, "extras": [], "nocturna": [], "diurna": [], "dominical": []}}, {"model": "turno.turno", "pk": 30, "fields": {"empleado": 7, "entrada": "2017-06-15T11:00:00", "salida": "2017-06-15T23:00:00", "aprobado": false, "aprobado_user": null, "creator": null, "last_editor": null, "extras": [], "nocturna": [], "diurna": [], "dominical": []}}, {"model": "turno.turno", "pk": 31, "fields": {"empleado": 9, "entrada": "2017-06-15T11:00:00", "salida": "2017-06-15T23:00:00", "aprobado": false, "aprobado_user": null, "creator": null, "last_editor": null, "extras": [], "nocturna": [], "diurna": [], "dominical": []}}, {"model": "turno.turno", "pk": 32, "fields": {"empleado": 7, "entrada": "2017-06-16T11:00:00", "salida": "2017-06-16T23:00:00", "aprobado": false, "aprobado_user": null, "creator": null, "last_editor": null, "extras": [], "nocturna": [], "diurna": [], "dominical": []}}, {"model": "turno.turno", "pk": 33, "fields": {"empleado": 9, "entrada": "2017-06-16T11:00:00", "salida": "2017-06-16T23:00:00", "aprobado": false, "aprobado_user": null, "creator": null, "last_editor": null, "extras": [], "nocturna": [], "diurna": [], "dominical": []}}, {"model": "turno.turno", "pk": 34, "fields": {"empleado": 8, "entrada": "2017-06-16T14:00:00", "salida": "2017-06-16T20:00:00", "aprobado": false, "aprobado_user": null, "creator": null, "last_editor": null, "extras": [], "nocturna": [], "diurna": [], "dominical": []}}, {"model": "turno.turno", "pk": 35, "fields": {"empleado": 10, "entrada": "2017-06-16T14:00:00", "salida": "2017-06-16T20:00:00", "aprobado": false, "aprobado_user": null, "creator": null, "last_editor": null, "extras": [], "nocturna": [], "diurna": [], "dominical": []}}, {"model": "turno.turno", "pk": 36, "fields": {"empleado": 7, "entrada": "2017-06-17T11:00:00", "salida": "2017-06-17T23:00:00", "aprobado": false, "aprobado_user": null, "creator": null, "last_editor": null, "extras": [], "nocturna": [], "diurna": [], "dominical": []}}, {"model": "turno.turno", "pk": 37, "fields": {"empleado": 9, "entrada": "2017-06-17T11:00:00", "salida": "2017-06-17T23:00:00", "aprobado": false, "aprobado_user": null, "creator": null, "last_editor": null, "extras": [], "nocturna": [], "diurna": [], "dominical": []}}, {"model": "turno.turno", "pk": 38, "fields": {"empleado": 8, "entrada": "2017-06-17T11:00:00", "salida": "2017-06-17T19:00:00", "aprobado": false, "aprobado_user": null, "creator": null, "last_editor": null, "extras": [], "nocturna": [], "diurna": [], "dominical": []}}, {"model": "turno.turno", "pk": 39, "fields": {"empleado": 10, "entrada": "2017-06-17T11:00:00", "salida": "2017-06-17T19:00:00", "aprobado": false, "aprobado_user": null, "creator": null, "last_editor": null, "extras": [], "nocturna": [], "diurna": [], "dominical": []}}, {"model": "turno.turno", "pk": 40, "fields": {"empleado": 7, "entrada": "2017-06-20T11:00:00", "salida": "2017-06-20T21:00:00", "aprobado": false, "aprobado_user": null, "creator": null, "last_editor": null, "extras": [], "nocturna": [], "diurna": [], "dominical": []}}, {"model": "turno.turno", "pk": 41, "fields": {"empleado": 9, "entrada": "2017-06-20T11:00:00", "salida": "2017-06-20T21:00:00", "aprobado": false, "aprobado_user": null, "creator": null, "last_editor": null, "extras": [], "nocturna": [], "diurna": [], "dominical": []}}, {"model": "turno.turno", "pk": 42, "fields": {"empleado": 8, "entrada": "2017-06-20T21:00:00", "salida": "2017-06-21T06:00:00", "aprobado": false, "aprobado_user": null, "creator": null, "last_editor": null, "extras": [], "nocturna": [], "diurna": [], "dominical": []}}, {"model": "turno.turno", "pk": 43, "fields": {"empleado": 10, "entrada": "2017-06-20T21:00:00", "salida": "2017-06-21T02:00:00", "aprobado": false, "aprobado_user": null, "creator": null, "last_editor": null, "extras": [], "nocturna": [], "diurna": [], "dominical": []}}, {"model": "turno.turno", "pk": 44, "fields": {"empleado": 7, "entrada": "2017-06-21T11:00:00", "salida": "2017-06-21T21:00:00", "aprobado": false, "aprobado_user": null, "creator": null, "last_editor": null, "extras": [], "nocturna": [], "diurna": [], "dominical": []}}, {"model": "turno.turno", "pk": 45, "fields": {"empleado": 9, "entrada": "2017-06-21T11:00:00", "salida": "2017-06-21T21:00:00", "aprobado": false, "aprobado_user": null, "creator": null, "last_editor": null, "extras": [], "nocturna": [], "diurna": [], "dominical": []}}, {"model": "turno.turno", "pk": 46, "fields": {"empleado": 8, "entrada": "2017-06-21T11:00:00", "salida": "2017-06-21T23:00:00", "aprobado": false, "aprobado_user": null, "creator": null, "last_editor": null, "extras": [], "nocturna": [], "diurna": [], "dominical": []}}, {"model": "turno.turno", "pk": 47, "fields": {"empleado": 10, "entrada": "2017-06-21T11:00:00", "salida": "2017-06-21T23:00:00", "aprobado": false, "aprobado_user": null, "creator": null, "last_editor": null, "extras": [], "nocturna": [], "diurna": [], "dominical": []}}, {"model": "turno.turno", "pk": 48, "fields": {"empleado": 7, "entrada": "2017-06-22T11:00:00", "salida": "2017-06-22T22:00:00", "aprobado": false, "aprobado_user": null, "creator": null, "last_editor": null, "extras": [], "nocturna": [], "diurna": [], "dominical": []}}, {"model": "turno.turno", "pk": 49, "fields": {"empleado": 9, "entrada": "2017-06-22T21:00:00", "salida": "2017-06-22T23:00:00", "aprobado": false, "aprobado_user": null, "creator": null, "last_editor": null, "extras": [], "nocturna": [], "diurna": [], "dominical": []}}, {"model": "turno.turno", "pk": 50, "fields": {"empleado": 10, "entrada": "2017-06-22T11:00:00", "salida": "2017-06-22T22:00:00", "aprobado": false, "aprobado_user": null, "creator": null, "last_editor": null, "extras": [], "nocturna": [], "diurna": [], "dominical": []}}, {"model": "turno.turno", "pk": 51, "fields": {"empleado": 7, "entrada": "2017-06-23T11:00:00", "salida": "2017-06-23T23:00:00", "aprobado": false, "aprobado_user": null, "creator": null, "last_editor": null, "extras": [], "nocturna": [], "diurna": [], "dominical": []}}, {"model": "turno.turno", "pk": 52, "fields": {"empleado": 9, "entrada": "2017-06-23T11:00:00", "salida": "2017-06-23T23:00:00", "aprobado": false, "aprobado_user": null, "creator": null, "last_editor": null, "extras": [], "nocturna": [], "diurna": [], "dominical": []}}, {"model": "turno.turno", "pk": 53, "fields": {"empleado": 10, "entrada": "2017-06-23T11:00:00", "salida": "2017-06-23T23:00:00", "aprobado": false, "aprobado_user": null, "creator": null, "last_editor": null, "extras": [], "nocturna": [], "diurna": [], "dominical": []}}, {"model": "turno.turno", "pk": 54, "fields": {"empleado": 7, "entrada": "2017-06-24T11:00:00", "salida": "2017-06-24T23:00:00", "aprobado": false, "aprobado_user": null, "creator": null, "last_editor": null, "extras": [], "nocturna": [], "diurna": [], "dominical": []}}, {"model": "turno.turno", "pk": 55, "fields": {"empleado": 9, "entrada": "2017-06-24T23:00:00", "salida": "2017-06-25T02:00:00", "aprobado": false, "aprobado_user": null, "creator": null, "last_editor": null, "extras": [], "nocturna": [], "diurna": [], "dominical": []}}, {"model": "turno.turno", "pk": 56, "fields": {"empleado": 10, "entrada": "2017-06-24T11:00:00", "salida": "2017-06-24T23:00:00", "aprobado": false, "aprobado_user": null, "creator": null, "last_editor": null, "extras": [], "nocturna": [], "diurna": [], "dominical": []}}, {"model": "turno.turno", "pk": 57, "fields": {"empleado": 8, "entrada": "2017-06-25T13:00:00", "salida": "2017-06-25T21:00:00", "aprobado": false, "aprobado_user": null, "creator": null, "last_editor": null, "extras": [], "nocturna": [], "diurna": [], "dominical": []}}, {"model": "turno.turno", "pk": 58, "fields": {"empleado": 7, "entrada": "2017-06-26T11:00:00", "salida": "2017-06-26T23:00:00", "aprobado": false, "aprobado_user": null, "creator": null, "last_editor": null, "extras": [], "nocturna": [], "diurna": [], "dominical": []}}, {"model": "turno.turno", "pk": 59, "fields": {"empleado": 9, "entrada": "2017-06-26T11:00:00", "salida": "2017-06-26T23:00:00", "aprobado": false, "aprobado_user": null, "creator": null, "last_editor": null, "extras": [], "nocturna": [], "diurna": [], "dominical": []}}, {"model": "turno.turno", "pk": 60, "fields": {"empleado": 8, "entrada": "2017-06-26T11:00:00", "salida": "2017-06-26T21:00:00", "aprobado": false, "aprobado_user": null, "creator": null, "last_editor": null, "extras": [], "nocturna": [], "diurna": [], "dominical": []}}, {"model": "turno.turno", "pk": 61, "fields": {"empleado": 10, "entrada": "2017-06-26T11:00:00", "salida": "2017-06-26T23:00:00", "aprobado": false, "aprobado_user": null, "creator": null, "last_editor": null, "extras": [], "nocturna": [], "diurna": [], "dominical": []}}, {"model": "turno.turno", "pk": 62, "fields": {"empleado": 7, "entrada": "2017-06-27T11:00:00", "salida": "2017-06-27T23:00:00", "aprobado": false, "aprobado_user": null, "creator": null, "last_editor": null, "extras": [], "nocturna": [], "diurna": [], "dominical": []}}, {"model": "turno.turno", "pk": 63, "fields": {"empleado": 9, "entrada": "2017-06-27T11:00:00", "salida": "2017-06-27T23:00:00", "aprobado": false, "aprobado_user": null, "creator": null, "last_editor": null, "extras": [], "nocturna": [], "diurna": [], "dominical": []}}, {"model": "turno.turno", "pk": 64, "fields": {"empleado": 8, "entrada": "2017-06-27T11:00:00", "salida": "2017-06-27T23:00:00", "aprobado": false, "aprobado_user": null, "creator": null, "last_editor": null, "extras": [], "nocturna": [], "diurna": [], "dominical": []}}, {"model": "turno.turno", "pk": 65, "fields": {"empleado": 10, "entrada": "2017-06-27T11:00:00", "salida": "2017-06-27T23:00:00", "aprobado": false, "aprobado_user": null, "creator": null, "last_editor": null, "extras": [], "nocturna": [], "diurna": [], "dominical": []}}, {"model": "turno.turno", "pk": 66, "fields": {"empleado": 7, "entrada": "2017-06-28T11:00:00", "salida": "2017-06-28T23:00:00", "aprobado": false, "aprobado_user": null, "creator": null, "last_editor": null, "extras": [], "nocturna": [], "diurna": [], "dominical": []}}, {"model": "turno.turno", "pk": 67, "fields": {"empleado": 9, "entrada": "2017-06-28T11:00:00", "salida": "2017-06-28T23:00:00", "aprobado": false, "aprobado_user": null, "creator": null, "last_editor": null, "extras": [], "nocturna": [], "diurna": [], "dominical": []}}, {"model": "turno.turno", "pk": 68, "fields": {"empleado": 8, "entrada": "2017-06-28T11:00:00", "salida": "2017-06-28T23:00:00", "aprobado": false, "aprobado_user": null, "creator": null, "last_editor": null, "extras": [], "nocturna": [], "diurna": [], "dominical": []}}, {"model": "turno.turno", "pk": 69, "fields": {"empleado": 10, "entrada": "2017-06-28T11:00:00", "salida": "2017-06-28T23:00:00", "aprobado": false, "aprobado_user": null, "creator": null, "last_editor": null, "extras": [], "nocturna": [], "diurna": [], "dominical": []}}, {"model": "turno.turno", "pk": 70, "fields": {"empleado": 7, "entrada": "2017-06-29T11:00:00", "salida": "2017-06-29T23:00:00", "aprobado": false, "aprobado_user": null, "creator": null, "last_editor": null, "extras": [], "nocturna": [], "diurna": [], "dominical": []}}, {"model": "turno.turno", "pk": 71, "fields": {"empleado": 9, "entrada": "2017-06-29T11:00:00", "salida": "2017-06-29T23:00:00", "aprobado": false, "aprobado_user": null, "creator": null, "last_editor": null, "extras": [], "nocturna": [], "diurna": [], "dominical": []}}, {"model": "turno.turno", "pk": 72, "fields": {"empleado": 8, "entrada": "2017-06-29T11:00:00", "salida": "2017-06-29T22:00:00", "aprobado": false, "aprobado_user": null, "creator": null, "last_editor": null, "extras": [], "nocturna": [], "diurna": [], "dominical": []}}, {"model": "turno.turno", "pk": 73, "fields": {"empleado": 10, "entrada": "2017-06-29T11:00:00", "salida": "2017-06-29T22:00:00", "aprobado": false, "aprobado_user": null, "creator": null, "last_editor": null, "extras": [], "nocturna": [], "diurna": [], "dominical": []}}, {"model": "turno.turno", "pk": 74, "fields": {"empleado": 7, "entrada": "2017-06-30T11:00:00", "salida": "2017-06-30T19:00:00", "aprobado": false, "aprobado_user": null, "creator": null, "last_editor": null, "extras": [], "nocturna": [], "diurna": [], "dominical": []}}, {"model": "turno.turno", "pk": 75, "fields": {"empleado": 9, "entrada": "2017-06-30T11:00:00", "salida": "2017-06-30T19:00:00", "aprobado": false, "aprobado_user": null, "creator": null, "last_editor": null, "extras": [], "nocturna": [], "diurna": [], "dominical": []}}, {"model": "turno.turno", "pk": 76, "fields": {"empleado": 8, "entrada": "2017-06-30T19:00:00", "salida": "2017-07-01T02:00:00", "aprobado": false, "aprobado_user": null, "creator": null, "last_editor": null, "extras": [], "nocturna": [], "diurna": [], "dominical": []}}, {"model": "turno.turno", "pk": 77, "fields": {"empleado": 10, "entrada": "2017-06-30T19:00:00", "salida": "2017-07-01T02:00:00", "aprobado": false, "aprobado_user": null, "creator": null, "last_editor": null, "extras": [], "nocturna": [], "diurna": [], "dominical": []}}, {"model": "usuarios.administrador", "pk": 3, "fields": {"identificacion": "1111111", "fecha_nacimiento": "2017-07-07", "direccion": "Calle 64 #18-27", "telefono": "12111", "fijo": "3183930393", "imagen": "", "creator": 2, "last_editor": 2, "eliminado": false, "eliminado_por": null, "groups": [], "user_permissions": []}}, {"model": "usuarios.asistente", "pk": 2, "fields": {"identificacion": "11112", "fecha_nacimiento": "2016-12-01", "direccion": "Calle 64 #18-27", "telefono": "3183930393", "fijo": "3183930393", "imagen": "", "creator": 1, "last_editor": 2, "eliminado": false, "eliminado_por": null, "groups": [], "user_permissions": []}}, {"model": "admin.logentry", "pk": 1, "fields": {"action_time": "2017-07-06T17:25:28.078", "user": 1, "content_type": 12, "object_id": "1", "object_repr": "TARJADOR MARITIMO", "action_flag": 1, "change_message": "[{\"added\": {}}]"}}, {"model": "admin.logentry", "pk": 2, "fields": {"action_time": "2017-07-06T19:05:13.967", "user": 1, "content_type": 23, "object_id": "2", "object_repr": "Yamid Pico Leal", "action_flag": 1, "change_message": "[{\"added\": {}}]"}}, {"model": "admin.logentry", "pk": 3, "fields": {"action_time": "2017-07-06T19:07:06.240", "user": 1, "content_type": 4, "object_id": "2", "object_repr": "asistente1", "action_flag": 2, "change_message": "[{\"changed\": {\"fields\": [\"password\"]}}]"}}, {"model": "admin.logentry", "pk": 4, "fields": {"action_time": "2017-07-11T04:27:06.858", "user": 1, "content_type": 27, "object_id": "1", "object_repr": "unidad1", "action_flag": 1, "change_message": "[{\"added\": {}}]"}}, {"model": "admin.logentry", "pk": 5, "fields": {"action_time": "2017-07-11T04:27:10.641", "user": 1, "content_type": 12, "object_id": "2", "object_repr": "ESTIBADOR CARGA GENERAL", "action_flag": 1, "change_message": "[{\"added\": {}}]"}}, {"model": "admin.logentry", "pk": 6, "fields": {"action_time": "2017-07-11T04:40:08.898", "user": 2, "content_type": 18, "object_id": "7", "object_repr": "Contrato de HECTOR JULIAN CARDALES DE AVILA", "action_flag": 1, "change_message": "[{\"added\": {}}]"}}, {"model": "admin.logentry", "pk": 7, "fields": {"action_time": "2017-07-11T04:42:56.695", "user": 2, "content_type": 18, "object_id": "8", "object_repr": "Contrato de LUIS RAFAEL CASTLLO MATURANA", "action_flag": 1, "change_message": "[{\"added\": {}}]"}}, {"model": "admin.logentry", "pk": 8, "fields": {"action_time": "2017-07-11T04:44:06.828", "user": 2, "content_type": 18, "object_id": "9", "object_repr": "Contrato de RODRIGO CARDALES REYES", "action_flag": 1, "change_message": "[{\"added\": {}}]"}}, {"model": "admin.logentry", "pk": 9, "fields": {"action_time": "2017-07-11T04:45:17.462", "user": 2, "content_type": 18, "object_id": "10", "object_repr": "Contrato de RONALD HERRERA DE LA ROSA", "action_flag": 1, "change_message": "[{\"added\": {}}]"}}]