[{"model": "auth.user", "pk": 1, "fields": {"password": "pbkdf2_sha256$36000$X2oMeZcr84Eh$AguWe8W7RZHPeMJDvRxGdp3XsRQeduAW6QaqZh3a3Kc=", "last_login": "2017-07-11T21:22:24.231", "is_superuser": true, "username": "admin", "first_name": "", "last_name": "", "email": "yamidpico@exile.com.co", "is_staff": true, "is_active": true, "date_joined": "2017-07-06T17:20:42.077", "groups": [], "user_permissions": []}}, {"model": "auth.user", "pk": 2, "fields": {"password": "pbkdf2_sha256$36000$JPSJCXhF8SdT$+LjqZkXcwTR1hUDqHW5mwNZMRE5enZfatltwKqscAiY=", "last_login": "2017-07-12T20:16:56.179", "is_superuser": true, "username": "asistente1", "first_name": "Yamid", "last_name": "Pico Leal", "email": "yamidpico@exile.com.co", "is_staff": true, "is_active": true, "date_joined": "2017-07-06T19:03:00", "groups": [], "user_permissions": []}}, {"model": "auth.user", "pk": 3, "fields": {"password": "pbkdf2_sha256$36000$BW5mL1hUL9sM$KE6XJ/YK7BI0UlW3FC8QmNC2lM2eP65wfXEIvKiCajs=", "last_login": null, "is_superuser": false, "username": "mariobp", "first_name": "Mario", "last_name": "Barrios", "email": "mariobarrios@exile.com.co", "is_staff": false, "is_active": true, "date_joined": "2017-07-06T20:33:18.459", "groups": [], "user_permissions": []}}, {"model": "sessions.session", "pk": "3s3jh3xogpa7dlquwgbibgw784mzjcjp", "fields": {"session_data": "MmExZmQ2M2RjNGEwOGU2OGJjNmRmYjYyOWM1OWU2YWFlNDQwYTVmNzp7Il9hdXRoX3VzZXJfaGFzaCI6IjgyNGJkZjg1OWRhNDA2ZjExNzNlZDIxNmEwZTVkMDUxZTBkNDkwY2MiLCJfYXV0aF91c2VyX2JhY2tlbmQiOiJkamFuZ28uY29udHJpYi5hdXRoLmJhY2tlbmRzLk1vZGVsQmFja2VuZCIsIl9hdXRoX3VzZXJfaWQiOiIxIn0=", "expire_date": "2017-07-25T03:44:34.439"}}, {"model": "sessions.session", "pk": "6bw4j9ermvmu5vupt137kbrvojfhbp5u", "fields": {"session_data": "MWZmMDQ4MDg3NTg1M2Y0MjUyYWU3MTRkOTM1YTUxN2E2ZmQ1YWFmNjp7Il9hdXRoX3VzZXJfaGFzaCI6IjE2MTFjNzU0ZjU2NDEzMzJlNGE0Y2VhOThmMWRiOWU1YTYyNWFlNDUiLCJfYXV0aF91c2VyX2lkIjoiMiIsIl9hdXRoX3VzZXJfYmFja2VuZCI6ImRqYW5nby5jb250cmliLmF1dGguYmFja2VuZHMuTW9kZWxCYWNrZW5kIn0=", "expire_date": "2017-07-25T04:31:21.440"}}, {"model": "sessions.session", "pk": "8laqsgeu6gi0duluz8imxvoa2ut14ciy", "fields": {"session_data": "OTM4YzliNzdkOTM5NWI2YjYwNDk5ZmEyYzQ2YTFlMjc1MmM2MDM2NTp7Il9hdXRoX3VzZXJfaGFzaCI6IjE2MTFjNzU0ZjU2NDEzMzJlNGE0Y2VhOThmMWRiOWU1YTYyNWFlNDUiLCJfYXV0aF91c2VyX2JhY2tlbmQiOiJkamFuZ28uY29udHJpYi5hdXRoLmJhY2tlbmRzLk1vZGVsQmFja2VuZCIsIl9hdXRoX3VzZXJfaWQiOiIyIn0=", "expire_date": "2017-07-26T18:17:29.098"}}, {"model": "sessions.session", "pk": "c2fwvc5kq6jik7qedfach6hds14mwzmx", "fields": {"session_data": "OTM4YzliNzdkOTM5NWI2YjYwNDk5ZmEyYzQ2YTFlMjc1MmM2MDM2NTp7Il9hdXRoX3VzZXJfaGFzaCI6IjE2MTFjNzU0ZjU2NDEzMzJlNGE0Y2VhOThmMWRiOWU1YTYyNWFlNDUiLCJfYXV0aF91c2VyX2JhY2tlbmQiOiJkamFuZ28uY29udHJpYi5hdXRoLmJhY2tlbmRzLk1vZGVsQmFja2VuZCIsIl9hdXRoX3VzZXJfaWQiOiIyIn0=", "expire_date": "2017-07-20T21:55:16.523"}}, {"model": "sessions.session", "pk": "ccq5qixjir7oj33ws3pravx2rtog76tn", "fields": {"session_data": "MmExZmQ2M2RjNGEwOGU2OGJjNmRmYjYyOWM1OWU2YWFlNDQwYTVmNzp7Il9hdXRoX3VzZXJfaGFzaCI6IjgyNGJkZjg1OWRhNDA2ZjExNzNlZDIxNmEwZTVkMDUxZTBkNDkwY2MiLCJfYXV0aF91c2VyX2JhY2tlbmQiOiJkamFuZ28uY29udHJpYi5hdXRoLmJhY2tlbmRzLk1vZGVsQmFja2VuZCIsIl9hdXRoX3VzZXJfaWQiOiIxIn0=", "expire_date": "2017-07-25T21:22:24.540"}}, {"model": "sessions.session", "pk": "mqx10aabcdpxwmj69ly01sch6dhu0a2c", "fields": {"session_data": "OTM4YzliNzdkOTM5NWI2YjYwNDk5ZmEyYzQ2YTFlMjc1MmM2MDM2NTp7Il9hdXRoX3VzZXJfaGFzaCI6IjE2MTFjNzU0ZjU2NDEzMzJlNGE0Y2VhOThmMWRiOWU1YTYyNWFlNDUiLCJfYXV0aF91c2VyX2JhY2tlbmQiOiJkamFuZ28uY29udHJpYi5hdXRoLmJhY2tlbmRzLk1vZGVsQmFja2VuZCIsIl9hdXRoX3VzZXJfaWQiOiIyIn0=", "expire_date": "2017-07-26T20:16:56.183"}}, {"model": "sessions.session", "pk": "tv87iewbts6uhul4a97umwlfnp3ok1el", "fields": {"session_data": "OTM4YzliNzdkOTM5NWI2YjYwNDk5ZmEyYzQ2YTFlMjc1MmM2MDM2NTp7Il9hdXRoX3VzZXJfaGFzaCI6IjE2MTFjNzU0ZjU2NDEzMzJlNGE0Y2VhOThmMWRiOWU1YTYyNWFlNDUiLCJfYXV0aF91c2VyX2JhY2tlbmQiOiJkamFuZ28uY29udHJpYi5hdXRoLmJhY2tlbmRzLk1vZGVsQmFja2VuZCIsIl9hdXRoX3VzZXJfaWQiOiIyIn0=", "expire_date": "2017-07-21T23:54:56.078"}}, {"model": "sessions.session", "pk": "uo7l7dvs9bx0umu88dz0p77ncnd79eyd", "fields": {"session_data": "MWZmMDQ4MDg3NTg1M2Y0MjUyYWU3MTRkOTM1YTUxN2E2ZmQ1YWFmNjp7Il9hdXRoX3VzZXJfaGFzaCI6IjE2MTFjNzU0ZjU2NDEzMzJlNGE0Y2VhOThmMWRiOWU1YTYyNWFlNDUiLCJfYXV0aF91c2VyX2lkIjoiMiIsIl9hdXRoX3VzZXJfYmFja2VuZCI6ImRqYW5nby5jb250cmliLmF1dGguYmFja2VuZHMuTW9kZWxCYWNrZW5kIn0=", "expire_date": "2017-07-20T19:22:50.218"}}, {"model": "sessions.session", "pk": "xelr00cu1f14svae7gg62m4usxd2x7wa", "fields": {"session_data": "OTM4YzliNzdkOTM5NWI2YjYwNDk5ZmEyYzQ2YTFlMjc1MmM2MDM2NTp7Il9hdXRoX3VzZXJfaGFzaCI6IjE2MTFjNzU0ZjU2NDEzMzJlNGE0Y2VhOThmMWRiOWU1YTYyNWFlNDUiLCJfYXV0aF91c2VyX2JhY2tlbmQiOiJkamFuZ28uY29udHJpYi5hdXRoLmJhY2tlbmRzLk1vZGVsQmFja2VuZCIsIl9hdXRoX3VzZXJfaWQiOiIyIn0=", "expire_date": "2017-07-20T21:56:01.896"}}, {"model": "sessions.session", "pk": "xpwwhvzyb6dqf938rshp4fgshf2uxagy", "fields": {"session_data": "OTM4YzliNzdkOTM5NWI2YjYwNDk5ZmEyYzQ2YTFlMjc1MmM2MDM2NTp7Il9hdXRoX3VzZXJfaGFzaCI6IjE2MTFjNzU0ZjU2NDEzMzJlNGE0Y2VhOThmMWRiOWU1YTYyNWFlNDUiLCJfYXV0aF91c2VyX2JhY2tlbmQiOiJkamFuZ28uY29udHJpYi5hdXRoLmJhY2tlbmRzLk1vZGVsQmFja2VuZCIsIl9hdXRoX3VzZXJfaWQiOiIyIn0=", "expire_date": "2017-07-20T19:38:48.936"}}, {"model": "sessions.session", "pk": "ygexemxq5o9gs17hfy6sktig3wuoc2lj", "fields": {"session_data": "NjczNjFmZTUzY2E5ZjIwZDk0YjBkNTA5NDdjM2UyNjUxMDM5Y2QwMTp7Il9hdXRoX3VzZXJfaGFzaCI6IjgyNGJkZjg1OWRhNDA2ZjExNzNlZDIxNmEwZTVkMDUxZTBkNDkwY2MiLCJfYXV0aF91c2VyX2lkIjoiMSIsIl9hdXRoX3VzZXJfYmFja2VuZCI6ImRqYW5nby5jb250cmliLmF1dGguYmFja2VuZHMuTW9kZWxCYWNrZW5kIn0=", "expire_date": "2017-07-20T19:07:07.335"}}, {"model": "sessions.session", "pk": "yor3p01x69gqta3p8n9acpx8rpi6pwnj", "fields": {"session_data": "OTM4YzliNzdkOTM5NWI2YjYwNDk5ZmEyYzQ2YTFlMjc1MmM2MDM2NTp7Il9hdXRoX3VzZXJfaGFzaCI6IjE2MTFjNzU0ZjU2NDEzMzJlNGE0Y2VhOThmMWRiOWU1YTYyNWFlNDUiLCJfYXV0aF91c2VyX2JhY2tlbmQiOiJkamFuZ28uY29udHJpYi5hdXRoLmJhY2tlbmRzLk1vZGVsQmFja2VuZCIsIl9hdXRoX3VzZXJfaWQiOiIyIn0=", "expire_date": "2017-07-22T06:47:10.475"}}, {"model": "sessions.session", "pk": "z3fdnqnhfaa34vsi5f7zzs4y6bnw9nmm", "fields": {"session_data": "OTM4YzliNzdkOTM5NWI2YjYwNDk5ZmEyYzQ2YTFlMjc1MmM2MDM2NTp7Il9hdXRoX3VzZXJfaGFzaCI6IjE2MTFjNzU0ZjU2NDEzMzJlNGE0Y2VhOThmMWRiOWU1YTYyNWFlNDUiLCJfYXV0aF91c2VyX2JhY2tlbmQiOiJkamFuZ28uY29udHJpYi5hdXRoLmJhY2tlbmRzLk1vZGVsQmFja2VuZCIsIl9hdXRoX3VzZXJfaWQiOiIyIn0=", "expire_date": "2017-07-25T17:23:19.256"}}, {"model": "configuracion.configuracion", "pk": 1, "fields": {"tipo_corte": 0, "primer_dia": 1, "segundo_dia": 15, "nit": "1", "numero_cuenta": "1", "tipo_cuenta": "S", "h_recargo_nocturno_inicio": "21:00:00", "h_recargo_nocturno_fin": "06:00:00", "h_almuerzo_inicio": "12:00:00", "h_almuerzo_fin": "12:00:00", "descuento_salud": 10, "prestaciones_sociales": 10, "nocturna": 1, "dominical": 1, "nocturna_dominical": 10, "extra_diurna": 10, "extra_nocturna": 10, "extra_dominical_diurna": 10, "extra_dominical_nocturna": 10, "creator": 2, "last_editor": 2, "tarifario": []}}, {"model": "recursos_h.unidadproduccion", "pk": 1, "fields": {"nombre": "unidad1", "creator": 1, "last_editor": 1, "eliminado": false, "eliminado_por": null}}, {"model": "recursos_h.cargo", "pk": 1, "fields": {"nombre": "TARJADOR MARITIMO", "creator": 1, "last_editor": 1, "eliminado": false, "eliminado_por": null, "unidades_produccion": []}}, {"model": "recursos_h.cargo", "pk": 2, "fields": {"nombre": "ESTIBADOR CARGA GENERAL", "creator": 1, "last_editor": 1, "eliminado": false, "eliminado_por": null, "unidades_produccion": [1]}}, {"model": "recursos_h.cargo", "pk": 3, "fields": {"nombre": "ESTIBADOR PATIO CONTENEDORES", "creator": 2, "last_editor": 2, "eliminado": false, "eliminado_por": null, "unidades_produccion": [1]}}, {"model": "recursos_h.pension", "pk": 1, "fields": {"nombre": "COLPENSIONES", "codigo": "1", "creator": 2, "last_editor": 2, "eliminado": false, "eliminado_por": null}}, {"model": "recursos_h.pension", "pk": 2, "fields": {"nombre": "PORVENIR", "codigo": "1", "creator": 2, "last_editor": 2, "eliminado": false, "eliminado_por": null}}, {"model": "recursos_h.eps", "pk": 1, "fields": {"nombre": "COOMEVA", "codigo": "1", "creator": 2, "last_editor": 2, "eliminado": false, "eliminado_por": null}}, {"model": "recursos_h.eps", "pk": 2, "fields": {"nombre": "SURA", "codigo": "1", "creator": 2, "last_editor": 2, "eliminado": false, "eliminado_por": null}}, {"model": "recursos_h.eps", "pk": 3, "fields": {"nombre": "SALUD TOTAL", "codigo": "1", "creator": 2, "last_editor": 2, "eliminado": false, "eliminado_por": null}}, {"model": "recursos_h.eps", "pk": 4, "fields": {"nombre": "GOLDEN GROUP", "codigo": "1", "creator": 2, "last_editor": 2, "eliminado": false, "eliminado_por": null}}, {"model": "recursos_h.eps", "pk": 5, "fields": {"nombre": "COOSALUD", "codigo": "1", "creator": 2, "last_editor": 2, "eliminado": false, "eliminado_por": null}}, {"model": "recursos_h.eps", "pk": 6, "fields": {"nombre": "FAMISANAR", "codigo": "1", "creator": 2, "last_editor": 2, "eliminado": false, "eliminado_por": null}}, {"model": "recursos_h.eps", "pk": 7, "fields": {"nombre": "MUTUAL SER", "codigo": "1", "creator": 2, "last_editor": 2, "eliminado": false, "eliminado_por": null}}, {"model": "recursos_h.cesantia", "pk": 1, "fields": {"nombre": "PORVENIR", "codigo": "1", "creator": 2, "last_editor": 2, "eliminado": false, "eliminado_por": null}}, {"model": "recursos_h.cajacompensacion", "pk": 1, "fields": {"nombre": "COMFENALCO", "codigo": "1", "creator": 2, "last_editor": 2, "eliminado": false, "eliminado_por": null}}, {"model": "recursos_h.banco", "pk": 1, "fields": {"nombre": "BANCO DE BOGOT\u00c1", "codigo": "01", "creator": 2, "last_editor": 2, "eliminado": false, "eliminado_por": null}}, {"model": "recursos_h.empleado", "pk": 1, "fields": {"nombre": "AFRANIO ENRIQUE", "apellidos": "PARRA RODRIGUEZ", "cedula": "73152066", "fecha_nacimiento": "1989-12-27", "cargo": 1, "pension": 1, "eps": 1, "cesantia": 1, "cajacompensacion": 1, "email": "", "creator": 2, "last_editor": 2, "numero": "1", "banco": 1}}, {"model": "recursos_h.empleado", "pk": 2, "fields": {"nombre": "DAIRON YESEEP", "apellidos": "REY LUNA", "cedula": "1143366485", "fecha_nacimiento": "1989-12-27", "cargo": 1, "pension": 2, "eps": 2, "cesantia": 1, "cajacompensacion": 1, "email": "", "creator": 2, "last_editor": 2, "numero": "1", "banco": 1}}, {"model": "recursos_h.empleado", "pk": 3, "fields": {"nombre": "EDGAR ANTONIO", "apellidos": "COHEN ORTEGA", "cedula": "73088740", "fecha_nacimiento": "1989-12-27", "cargo": 1, "pension": 2, "eps": 3, "cesantia": 1, "cajacompensacion": 1, "email": "", "creator": 2, "last_editor": 2, "numero": "1", "banco": 1}}, {"model": "recursos_h.empleado", "pk": 4, "fields": {"nombre": "ELIAS", "apellidos": "VITOLA ACEVEDO", "cedula": "1143342223", "fecha_nacimiento": "1989-12-27", "cargo": 1, "pension": 2, "eps": 3, "cesantia": 1, "cajacompensacion": 1, "email": "", "creator": 2, "last_editor": 2, "numero": "1", "banco": 1}}, {"model": "recursos_h.empleado", "pk": 5, "fields": {"nombre": "ISIDORO", "apellidos": "VALDEZ REYES", "cedula": "1128063862", "fecha_nacimiento": "1989-12-27", "cargo": 1, "pension": 2, "eps": 4, "cesantia": 1, "cajacompensacion": 1, "email": "", "creator": 2, "last_editor": 2, "numero": "1", "banco": 1}}, {"model": "recursos_h.empleado", "pk": 6, "fields": {"nombre": "NELSON", "apellidos": "WATSS VIVANCO", "cedula": "73113531", "fecha_nacimiento": "1989-12-27", "cargo": 1, "pension": 2, "eps": 3, "cesantia": 1, "cajacompensacion": 1, "email": "", "creator": 2, "last_editor": 2, "numero": "1", "banco": 1}}, {"model": "recursos_h.empleado", "pk": 7, "fields": {"nombre": "HECTOR JULIAN", "apellidos": "CARDALES DE AVILA", "cedula": "73082581", "fecha_nacimiento": "2017-07-10", "cargo": 2, "pension": 2, "eps": 3, "cesantia": 1, "cajacompensacion": 1, "email": "", "creator": 2, "last_editor": 2, "numero": "1", "banco": 1}}, {"model": "recursos_h.empleado", "pk": 8, "fields": {"nombre": "LUIS RAFAEL", "apellidos": "CASTLLO MATURANA", "cedula": "73198267", "fecha_nacimiento": "2017-07-10", "cargo": 2, "pension": 2, "eps": 5, "cesantia": 1, "cajacompensacion": 1, "email": "", "creator": 2, "last_editor": 2, "numero": "1", "banco": 1}}, {"model": "recursos_h.empleado", "pk": 9, "fields": {"nombre": "RODRIGO", "apellidos": "CARDALES REYES", "cedula": "1047404998", "fecha_nacimiento": "2017-05-01", "cargo": 2, "pension": 2, "eps": 3, "cesantia": 1, "cajacompensacion": 1, "email": "", "creator": 2, "last_editor": 2, "numero": "1", "banco": 1}}, {"model": "recursos_h.empleado", "pk": 10, "fields": {"nombre": "RONALD", "apellidos": "HERRERA DE LA ROSA", "cedula": "73190496", "fecha_nacimiento": "2017-07-10", "cargo": 2, "pension": 2, "eps": 3, "cesantia": 1, "cajacompensacion": 1, "email": "", "creator": 2, "last_editor": 2, "numero": "1", "banco": 1}}, {"model": "recursos_h.empleado", "pk": 11, "fields": {"nombre": "ALFONSO", "apellidos": "GARCERANT LLAMAS", "cedula": "1047399853", "fecha_nacimiento": "2017-07-11", "cargo": 3, "pension": 2, "eps": 6, "cesantia": 1, "cajacompensacion": 1, "email": "", "creator": 2, "last_editor": 2, "numero": "1", "banco": 1}}, {"model": "recursos_h.empleado", "pk": 12, "fields": {"nombre": "JOHN JAIRO", "apellidos": "RAMIREZ CONTRERAS", "cedula": "73180625", "fecha_nacimiento": "2017-07-11", "cargo": 3, "pension": 2, "eps": 7, "cesantia": 1, "cajacompensacion": 1, "email": "", "creator": 2, "last_editor": 2, "numero": "1", "banco": 1}}, {"model": "recursos_h.tipocontrato", "pk": 1, "fields": {"nombre": "Contrato laboral", "modalidad": 2, "creator": 2, "last_editor": 2, "eliminado": false, "eliminado_por": null}}, {"model": "recursos_h.tipocontrato", "pk": 2, "fields": {"nombre": "Producci\u00f3n", "modalidad": 1, "creator": 2, "last_editor": 2, "eliminado": false, "eliminado_por": null}}, {"model": "recursos_h.tipocontrato", "pk": 3, "fields": {"nombre": "Prestaci\u00f3n de servicios", "modalidad": 2, "creator": 2, "last_editor": 2, "eliminado": false, "eliminado_por": null}}, {"model": "recursos_h.contrato", "pk": 1, "fields": {"empleado": 1, "tipo_contrato": 1, "salario_base": "737715.00", "subsidio_transporte": "0.00", "fecha_inicio": "2014-01-21", "fecha_finalizacion": null, "descanso_turno": false, "inicio_descanso": null, "duracion_descanso": null, "horas_trabajo": 8, "horas_trabajo_semanal": 40, "horas_trabajo_corte": 160, "creator": 2, "last_editor": 2, "eliminado": false, "eliminado_por": null}}, {"model": "recursos_h.contrato", "pk": 2, "fields": {"empleado": 2, "tipo_contrato": 1, "salario_base": "737715.00", "subsidio_transporte": "0.00", "fecha_inicio": "2017-03-25", "fecha_finalizacion": null, "descanso_turno": false, "inicio_descanso": null, "duracion_descanso": null, "horas_trabajo": 8, "horas_trabajo_semanal": 40, "horas_trabajo_corte": 160, "creator": 2, "last_editor": 2, "eliminado": false, "eliminado_por": null}}, {"model": "recursos_h.contrato", "pk": 3, "fields": {"empleado": 3, "tipo_contrato": 1, "salario_base": "737715.00", "subsidio_transporte": "0.00", "fecha_inicio": "2014-01-01", "fecha_finalizacion": null, "descanso_turno": false, "inicio_descanso": null, "duracion_descanso": null, "horas_trabajo": 8, "horas_trabajo_semanal": 40, "horas_trabajo_corte": 160, "creator": 2, "last_editor": 2, "eliminado": false, "eliminado_por": null}}, {"model": "recursos_h.contrato", "pk": 4, "fields": {"empleado": 4, "tipo_contrato": 1, "salario_base": "737715.00", "subsidio_transporte": "0.00", "fecha_inicio": "2016-12-29", "fecha_finalizacion": null, "descanso_turno": false, "inicio_descanso": null, "duracion_descanso": null, "horas_trabajo": 8, "horas_trabajo_semanal": 40, "horas_trabajo_corte": 160, "creator": 2, "last_editor": 2, "eliminado": false, "eliminado_por": null}}, {"model": "recursos_h.contrato", "pk": 5, "fields": {"empleado": 5, "tipo_contrato": 1, "salario_base": "737715.00", "subsidio_transporte": "0.00", "fecha_inicio": "2016-02-16", "fecha_finalizacion": null, "descanso_turno": false, "inicio_descanso": null, "duracion_descanso": null, "horas_trabajo": 8, "horas_trabajo_semanal": 40, "horas_trabajo_corte": 160, "creator": 2, "last_editor": 2, "eliminado": false, "eliminado_por": null}}, {"model": "recursos_h.contrato", "pk": 6, "fields": {"empleado": 6, "tipo_contrato": 1, "salario_base": "737715.00", "subsidio_transporte": "0.00", "fecha_inicio": "2014-01-01", "fecha_finalizacion": null, "descanso_turno": false, "inicio_descanso": null, "duracion_descanso": null, "horas_trabajo": 8, "horas_trabajo_semanal": 40, "horas_trabajo_corte": 160, "creator": 2, "last_editor": 2, "eliminado": false, "eliminado_por": null}}, {"model": "recursos_h.contrato", "pk": 7, "fields": {"empleado": 7, "tipo_contrato": 1, "salario_base": "737715.00", "subsidio_transporte": "83140.00", "fecha_inicio": "2016-02-16", "fecha_finalizacion": null, "descanso_turno": false, "inicio_descanso": null, "duracion_descanso": null, "horas_trabajo": 8, "horas_trabajo_semanal": 48, "horas_trabajo_corte": 240, "creator": 2, "last_editor": 2, "eliminado": false, "eliminado_por": null}}, {"model": "recursos_h.contrato", "pk": 8, "fields": {"empleado": 8, "tipo_contrato": 1, "salario_base": "737715.00", "subsidio_transporte": "83140.00", "fecha_inicio": "2016-10-22", "fecha_finalizacion": null, "descanso_turno": false, "inicio_descanso": 0, "duracion_descanso": null, "horas_trabajo": 8, "horas_trabajo_semanal": 48, "horas_trabajo_corte": 240, "creator": 2, "last_editor": 2, "eliminado": false, "eliminado_por": null}}, {"model": "recursos_h.contrato", "pk": 9, "fields": {"empleado": 9, "tipo_contrato": 1, "salario_base": "737715.00", "subsidio_transporte": "83140.00", "fecha_inicio": "2016-02-16", "fecha_finalizacion": null, "descanso_turno": false, "inicio_descanso": null, "duracion_descanso": null, "horas_trabajo": 8, "horas_trabajo_semanal": 48, "horas_trabajo_corte": 240, "creator": 2, "last_editor": 2, "eliminado": false, "eliminado_por": null}}, {"model": "recursos_h.contrato", "pk": 10, "fields": {"empleado": 10, "tipo_contrato": 1, "salario_base": "737715.00", "subsidio_transporte": "83140.00", "fecha_inicio": "2016-02-05", "fecha_finalizacion": null, "descanso_turno": false, "inicio_descanso": null, "duracion_descanso": null, "horas_trabajo": 8, "horas_trabajo_semanal": 48, "horas_trabajo_corte": 240, "creator": 2, "last_editor": 2, "eliminado": false, "eliminado_por": null}}, {"model": "recursos_h.contrato", "pk": 11, "fields": {"empleado": 11, "tipo_contrato": 1, "salario_base": "737715.00", "subsidio_transporte": "83140.00", "fecha_inicio": "2014-01-01", "fecha_finalizacion": null, "descanso_turno": false, "inicio_descanso": null, "duracion_descanso": null, "horas_trabajo": 8, "horas_trabajo_semanal": 48, "horas_trabajo_corte": 240, "creator": 2, "last_editor": 2, "eliminado": false, "eliminado_por": null}}, {"model": "recursos_h.contrato", "pk": 12, "fields": {"empleado": 12, "tipo_contrato": 1, "salario_base": "737715.00", "subsidio_transporte": "83140.00", "fecha_inicio": "2016-11-01", "fecha_finalizacion": null, "descanso_turno": false, "inicio_descanso": null, "duracion_descanso": null, "horas_trabajo": 8, "horas_trabajo_semanal": 48, "horas_trabajo_corte": 240, "creator": 2, "last_editor": 2, "eliminado": false, "eliminado_por": null}}, {"model": "turno.rangofecha", "pk": 355, "fields": {"fecha_inicio": "2017-06-29T07:00:00", "fecha_fin": "2017-06-28T23:00:00"}}, {"model": "turno.rangofecha", "pk": 358, "fields": {"fecha_inicio": "2017-06-28T03:00:00", "fecha_fin": "2017-06-27T19:00:00"}}, {"model": "turno.rangofecha", "pk": 359, "fields": {"fecha_inicio": "2017-06-27T07:00:00", "fecha_fin": "2017-06-27T19:00:00"}}, {"model": "turno.rangofecha", "pk": 447, "fields": {"fecha_inicio": "2017-06-23T01:00:00", "fecha_fin": "2017-06-22T17:00:00"}}, {"model": "turno.rangofecha", "pk": 448, "fields": {"fecha_inicio": "2017-06-22T11:00:00", "fecha_fin": "2017-06-22T17:00:00"}}, {"model": "turno.rangofecha", "pk": 449, "fields": {"fecha_inicio": "2017-06-22T19:00:00", "fecha_fin": "2017-06-22T11:00:00"}}, {"model": "turno.rangofecha", "pk": 450, "fields": {"fecha_inicio": "2017-06-22T03:00:00", "fecha_fin": "2017-06-22T06:00:00"}}, {"model": "turno.rangofecha", "pk": 451, "fields": {"fecha_inicio": "2017-06-22T06:00:00", "fecha_fin": "2017-06-22T11:00:00"}}, {"model": "turno.rangofecha", "pk": 452, "fields": {"fecha_inicio": "2017-06-24T01:00:00", "fecha_fin": "2017-06-23T17:00:00"}}, {"model": "turno.rangofecha", "pk": 453, "fields": {"fecha_inicio": "2017-06-23T11:00:00", "fecha_fin": "2017-06-23T17:00:00"}}, {"model": "turno.rangofecha", "pk": 454, "fields": {"fecha_inicio": "2017-06-23T19:00:00", "fecha_fin": "2017-06-23T11:00:00"}}, {"model": "turno.rangofecha", "pk": 455, "fields": {"fecha_inicio": "2017-06-23T03:00:00", "fecha_fin": "2017-06-23T06:00:00"}}, {"model": "turno.rangofecha", "pk": 456, "fields": {"fecha_inicio": "2017-06-23T06:00:00", "fecha_fin": "2017-06-23T11:00:00"}}, {"model": "turno.rangofecha", "pk": 457, "fields": {"fecha_inicio": "2017-06-25T01:00:00", "fecha_fin": "2017-06-24T17:00:00"}}, {"model": "turno.rangofecha", "pk": 458, "fields": {"fecha_inicio": "2017-06-24T11:00:00", "fecha_fin": "2017-06-24T17:00:00"}}, {"model": "turno.rangofecha", "pk": 459, "fields": {"fecha_inicio": "2017-06-24T19:00:00", "fecha_fin": "2017-06-24T11:00:00"}}, {"model": "turno.rangofecha", "pk": 460, "fields": {"fecha_inicio": "2017-06-24T03:00:00", "fecha_fin": "2017-06-24T06:00:00"}}, {"model": "turno.rangofecha", "pk": 461, "fields": {"fecha_inicio": "2017-06-24T06:00:00", "fecha_fin": "2017-06-24T11:00:00"}}, {"model": "turno.rangofecha", "pk": 462, "fields": {"fecha_inicio": "2017-06-26T21:00:00", "fecha_fin": "2017-06-26T03:00:00"}}, {"model": "turno.rangofecha", "pk": 463, "fields": {"fecha_inicio": "2017-06-25T21:00:00", "fecha_fin": "2017-06-26T00:00:00"}}, {"model": "turno.rangofecha", "pk": 464, "fields": {"fecha_inicio": "2017-06-26T00:00:00", "fecha_fin": "2017-06-26T03:00:00"}}, {"model": "turno.rangofecha", "pk": 465, "fields": {"fecha_inicio": "2017-06-25T17:00:00", "fecha_fin": "2017-06-25T21:00:00"}}, {"model": "turno.rangofecha", "pk": 466, "fields": {"fecha_inicio": "2017-06-27T19:00:00", "fecha_fin": "2017-06-27T11:00:00"}}, {"model": "turno.rangofecha", "pk": 467, "fields": {"fecha_inicio": "2017-06-27T03:00:00", "fecha_fin": "2017-06-27T06:00:00"}}, {"model": "turno.rangofecha", "pk": 468, "fields": {"fecha_inicio": "2017-06-27T06:00:00", "fecha_fin": "2017-06-27T11:00:00"}}, {"model": "turno.rangofecha", "pk": 469, "fields": {"fecha_inicio": "2017-06-28T01:00:00", "fecha_fin": "2017-06-27T17:00:00"}}, {"model": "turno.rangofecha", "pk": 470, "fields": {"fecha_inicio": "2017-06-27T11:00:00", "fecha_fin": "2017-06-27T17:00:00"}}, {"model": "turno.rangofecha", "pk": 471, "fields": {"fecha_inicio": "2017-06-28T23:00:00", "fecha_fin": "2017-06-28T15:00:00"}}, {"model": "turno.rangofecha", "pk": 472, "fields": {"fecha_inicio": "2017-06-28T03:00:00", "fecha_fin": "2017-06-28T06:00:00"}}, {"model": "turno.rangofecha", "pk": 473, "fields": {"fecha_inicio": "2017-06-28T06:00:00", "fecha_fin": "2017-06-28T15:00:00"}}, {"model": "turno.rangofecha", "pk": 474, "fields": {"fecha_inicio": "2017-06-29T01:00:00", "fecha_fin": "2017-06-28T17:00:00"}}, {"model": "turno.rangofecha", "pk": 475, "fields": {"fecha_inicio": "2017-06-28T15:00:00", "fecha_fin": "2017-06-28T17:00:00"}}, {"model": "turno.rangofecha", "pk": 476, "fields": {"fecha_inicio": "2017-06-29T19:00:00", "fecha_fin": "2017-06-29T11:00:00"}}, {"model": "turno.rangofecha", "pk": 477, "fields": {"fecha_inicio": "2017-06-29T03:00:00", "fecha_fin": "2017-06-29T06:00:00"}}, {"model": "turno.rangofecha", "pk": 478, "fields": {"fecha_inicio": "2017-06-29T06:00:00", "fecha_fin": "2017-06-29T11:00:00"}}, {"model": "turno.rangofecha", "pk": 479, "fields": {"fecha_inicio": "2017-06-30T01:00:00", "fecha_fin": "2017-06-29T17:00:00"}}, {"model": "turno.rangofecha", "pk": 480, "fields": {"fecha_inicio": "2017-06-29T11:00:00", "fecha_fin": "2017-06-29T17:00:00"}}, {"model": "turno.rangofecha", "pk": 481, "fields": {"fecha_inicio": "2017-06-30T19:00:00", "fecha_fin": "2017-06-30T11:00:00"}}, {"model": "turno.rangofecha", "pk": 482, "fields": {"fecha_inicio": "2017-06-30T03:00:00", "fecha_fin": "2017-06-30T06:00:00"}}, {"model": "turno.rangofecha", "pk": 483, "fields": {"fecha_inicio": "2017-06-30T06:00:00", "fecha_fin": "2017-06-30T11:00:00"}}, {"model": "turno.rangofecha", "pk": 484, "fields": {"fecha_inicio": "2017-07-01T06:00:00", "fecha_fin": "2017-06-30T22:00:00"}}, {"model": "turno.rangofecha", "pk": 485, "fields": {"fecha_inicio": "2017-06-30T21:00:00", "fecha_fin": "2017-06-30T22:00:00"}}, {"model": "turno.rangofecha", "pk": 486, "fields": {"fecha_inicio": "2017-06-30T15:00:00", "fecha_fin": "2017-06-30T21:00:00"}}, {"model": "turno.rangofecha", "pk": 487, "fields": {"fecha_inicio": "2017-06-27T01:00:00", "fecha_fin": "2017-06-26T17:00:00"}}, {"model": "turno.rangofecha", "pk": 488, "fields": {"fecha_inicio": "2017-06-26T07:00:00", "fecha_fin": "2017-06-26T17:00:00"}}, {"model": "turno.rangofecha", "pk": 489, "fields": {"fecha_inicio": "2017-06-27T03:00:00", "fecha_fin": "2017-06-26T19:00:00"}}, {"model": "turno.rangofecha", "pk": 490, "fields": {"fecha_inicio": "2017-06-26T07:00:00", "fecha_fin": "2017-06-26T19:00:00"}}, {"model": "turno.rangofecha", "pk": 491, "fields": {"fecha_inicio": "2017-06-28T03:00:00", "fecha_fin": "2017-06-27T19:00:00"}}, {"model": "turno.rangofecha", "pk": 492, "fields": {"fecha_inicio": "2017-06-27T07:00:00", "fecha_fin": "2017-06-27T19:00:00"}}, {"model": "turno.rangofecha", "pk": 493, "fields": {"fecha_inicio": "2017-06-28T03:00:00", "fecha_fin": "2017-06-27T19:00:00"}}, {"model": "turno.rangofecha", "pk": 494, "fields": {"fecha_inicio": "2017-06-27T07:00:00", "fecha_fin": "2017-06-27T19:00:00"}}, {"model": "turno.rangofecha", "pk": 495, "fields": {"fecha_inicio": "2017-06-24T03:00:00", "fecha_fin": "2017-06-23T19:00:00"}}, {"model": "turno.rangofecha", "pk": 496, "fields": {"fecha_inicio": "2017-06-23T07:00:00", "fecha_fin": "2017-06-23T19:00:00"}}, {"model": "turno.rangofecha", "pk": 497, "fields": {"fecha_inicio": "2017-06-24T03:00:00", "fecha_fin": "2017-06-23T19:00:00"}}, {"model": "turno.rangofecha", "pk": 498, "fields": {"fecha_inicio": "2017-06-23T07:00:00", "fecha_fin": "2017-06-23T19:00:00"}}, {"model": "turno.rangofecha", "pk": 499, "fields": {"fecha_inicio": "2017-06-24T03:00:00", "fecha_fin": "2017-06-23T19:00:00"}}, {"model": "turno.rangofecha", "pk": 500, "fields": {"fecha_inicio": "2017-06-23T07:00:00", "fecha_fin": "2017-06-23T19:00:00"}}, {"model": "turno.rangofecha", "pk": 501, "fields": {"fecha_inicio": "2017-06-25T03:00:00", "fecha_fin": "2017-06-24T19:00:00"}}, {"model": "turno.rangofecha", "pk": 502, "fields": {"fecha_inicio": "2017-06-24T07:00:00", "fecha_fin": "2017-06-24T19:00:00"}}, {"model": "turno.rangofecha", "pk": 503, "fields": {"fecha_inicio": "2017-06-25T06:00:00", "fecha_fin": "2017-06-24T22:00:00"}}, {"model": "turno.rangofecha", "pk": 504, "fields": {"fecha_inicio": "2017-06-24T21:00:00", "fecha_fin": "2017-06-24T22:00:00"}}, {"model": "turno.rangofecha", "pk": 505, "fields": {"fecha_inicio": "2017-06-24T19:00:00", "fecha_fin": "2017-06-24T21:00:00"}}, {"model": "turno.rangofecha", "pk": 506, "fields": {"fecha_inicio": "2017-06-25T03:00:00", "fecha_fin": "2017-06-24T19:00:00"}}, {"model": "turno.rangofecha", "pk": 507, "fields": {"fecha_inicio": "2017-06-24T07:00:00", "fecha_fin": "2017-06-24T19:00:00"}}, {"model": "turno.rangofecha", "pk": 508, "fields": {"fecha_inicio": "2017-06-26T01:00:00", "fecha_fin": "2017-06-25T17:00:00"}}, {"model": "turno.rangofecha", "pk": 509, "fields": {"fecha_inicio": "2017-06-25T09:00:00", "fecha_fin": "2017-06-25T17:00:00"}}, {"model": "turno.rangofecha", "pk": 510, "fields": {"fecha_inicio": "2017-06-27T03:00:00", "fecha_fin": "2017-06-26T19:00:00"}}, {"model": "turno.rangofecha", "pk": 511, "fields": {"fecha_inicio": "2017-06-26T07:00:00", "fecha_fin": "2017-06-26T19:00:00"}}, {"model": "turno.rangofecha", "pk": 512, "fields": {"fecha_inicio": "2017-06-27T03:00:00", "fecha_fin": "2017-06-26T19:00:00"}}, {"model": "turno.rangofecha", "pk": 513, "fields": {"fecha_inicio": "2017-06-26T07:00:00", "fecha_fin": "2017-06-26T19:00:00"}}, {"model": "turno.rangofecha", "pk": 514, "fields": {"fecha_inicio": "2017-06-01T19:00:00", "fecha_fin": "2017-06-01T11:00:00"}}, {"model": "turno.rangofecha", "pk": 515, "fields": {"fecha_inicio": "2017-06-01T03:00:00", "fecha_fin": "2017-06-01T06:00:00"}}, {"model": "turno.rangofecha", "pk": 516, "fields": {"fecha_inicio": "2017-06-01T06:00:00", "fecha_fin": "2017-06-01T11:00:00"}}, {"model": "turno.rangofecha", "pk": 517, "fields": {"fecha_inicio": "2017-06-02T04:00:00", "fecha_fin": "2017-06-01T20:00:00"}}, {"model": "turno.rangofecha", "pk": 518, "fields": {"fecha_inicio": "2017-06-01T11:00:00", "fecha_fin": "2017-06-01T20:00:00"}}, {"model": "turno.rangofecha", "pk": 519, "fields": {"fecha_inicio": "2017-06-30T03:00:00", "fecha_fin": "2017-06-29T19:00:00"}}, {"model": "turno.rangofecha", "pk": 520, "fields": {"fecha_inicio": "2017-06-29T07:00:00", "fecha_fin": "2017-06-29T19:00:00"}}, {"model": "turno.rangofecha", "pk": 521, "fields": {"fecha_inicio": "2017-06-30T02:00:00", "fecha_fin": "2017-06-29T18:00:00"}}, {"model": "turno.rangofecha", "pk": 522, "fields": {"fecha_inicio": "2017-06-29T07:00:00", "fecha_fin": "2017-06-29T18:00:00"}}, {"model": "turno.rangofecha", "pk": 523, "fields": {"fecha_inicio": "2017-06-30T02:00:00", "fecha_fin": "2017-06-29T18:00:00"}}, {"model": "turno.rangofecha", "pk": 524, "fields": {"fecha_inicio": "2017-06-29T07:00:00", "fecha_fin": "2017-06-29T18:00:00"}}, {"model": "turno.rangofecha", "pk": 525, "fields": {"fecha_inicio": "2017-07-01T06:00:00", "fecha_fin": "2017-06-30T22:00:00"}}, {"model": "turno.rangofecha", "pk": 526, "fields": {"fecha_inicio": "2017-06-30T21:00:00", "fecha_fin": "2017-06-30T22:00:00"}}, {"model": "turno.rangofecha", "pk": 527, "fields": {"fecha_inicio": "2017-06-30T15:00:00", "fecha_fin": "2017-06-30T21:00:00"}}, {"model": "turno.rangofecha", "pk": 528, "fields": {"fecha_inicio": "2017-06-30T23:00:00", "fecha_fin": "2017-06-30T15:00:00"}}, {"model": "turno.rangofecha", "pk": 529, "fields": {"fecha_inicio": "2017-06-30T07:00:00", "fecha_fin": "2017-06-30T15:00:00"}}, {"model": "turno.rangofecha", "pk": 530, "fields": {"fecha_inicio": "2017-06-30T23:00:00", "fecha_fin": "2017-06-30T15:00:00"}}, {"model": "turno.rangofecha", "pk": 531, "fields": {"fecha_inicio": "2017-06-30T07:00:00", "fecha_fin": "2017-06-30T15:00:00"}}, {"model": "turno.rangofecha", "pk": 532, "fields": {"fecha_inicio": "2017-06-30T03:00:00", "fecha_fin": "2017-06-29T19:00:00"}}, {"model": "turno.rangofecha", "pk": 533, "fields": {"fecha_inicio": "2017-06-29T07:00:00", "fecha_fin": "2017-06-29T19:00:00"}}, {"model": "turno.rangofecha", "pk": 534, "fields": {"fecha_inicio": "2017-06-14T03:00:00", "fecha_fin": "2017-06-13T19:00:00"}}, {"model": "turno.rangofecha", "pk": 535, "fields": {"fecha_inicio": "2017-06-13T07:00:00", "fecha_fin": "2017-06-13T19:00:00"}}, {"model": "turno.rangofecha", "pk": 536, "fields": {"fecha_inicio": "2017-06-15T03:00:00", "fecha_fin": "2017-06-14T19:00:00"}}, {"model": "turno.rangofecha", "pk": 537, "fields": {"fecha_inicio": "2017-06-14T07:00:00", "fecha_fin": "2017-06-14T19:00:00"}}, {"model": "turno.rangofecha", "pk": 538, "fields": {"fecha_inicio": "2017-06-15T03:00:00", "fecha_fin": "2017-06-14T19:00:00"}}, {"model": "turno.rangofecha", "pk": 539, "fields": {"fecha_inicio": "2017-06-14T07:00:00", "fecha_fin": "2017-06-14T19:00:00"}}, {"model": "turno.rangofecha", "pk": 540, "fields": {"fecha_inicio": "2017-06-16T03:00:00", "fecha_fin": "2017-06-15T19:00:00"}}, {"model": "turno.rangofecha", "pk": 541, "fields": {"fecha_inicio": "2017-06-15T07:00:00", "fecha_fin": "2017-06-15T19:00:00"}}, {"model": "turno.rangofecha", "pk": 542, "fields": {"fecha_inicio": "2017-06-16T03:00:00", "fecha_fin": "2017-06-15T19:00:00"}}, {"model": "turno.rangofecha", "pk": 543, "fields": {"fecha_inicio": "2017-06-15T07:00:00", "fecha_fin": "2017-06-15T19:00:00"}}, {"model": "turno.rangofecha", "pk": 544, "fields": {"fecha_inicio": "2017-06-17T03:00:00", "fecha_fin": "2017-06-16T19:00:00"}}, {"model": "turno.rangofecha", "pk": 545, "fields": {"fecha_inicio": "2017-06-16T07:00:00", "fecha_fin": "2017-06-16T19:00:00"}}, {"model": "turno.rangofecha", "pk": 546, "fields": {"fecha_inicio": "2017-06-17T03:00:00", "fecha_fin": "2017-06-16T19:00:00"}}, {"model": "turno.rangofecha", "pk": 547, "fields": {"fecha_inicio": "2017-06-16T07:00:00", "fecha_fin": "2017-06-16T19:00:00"}}, {"model": "turno.rangofecha", "pk": 548, "fields": {"fecha_inicio": "2017-06-17T00:00:00", "fecha_fin": "2017-06-16T16:00:00"}}, {"model": "turno.rangofecha", "pk": 549, "fields": {"fecha_inicio": "2017-06-16T10:00:00", "fecha_fin": "2017-06-16T16:00:00"}}, {"model": "turno.rangofecha", "pk": 550, "fields": {"fecha_inicio": "2017-06-10T01:00:00", "fecha_fin": "2017-06-09T17:00:00"}}, {"model": "turno.rangofecha", "pk": 551, "fields": {"fecha_inicio": "2017-06-09T07:00:00", "fecha_fin": "2017-06-09T17:00:00"}}, {"model": "turno.rangofecha", "pk": 552, "fields": {"fecha_inicio": "2017-06-11T03:00:00", "fecha_fin": "2017-06-10T19:00:00"}}, {"model": "turno.rangofecha", "pk": 553, "fields": {"fecha_inicio": "2017-06-10T07:00:00", "fecha_fin": "2017-06-10T19:00:00"}}, {"model": "turno.rangofecha", "pk": 554, "fields": {"fecha_inicio": "2017-06-11T03:00:00", "fecha_fin": "2017-06-10T19:00:00"}}, {"model": "turno.rangofecha", "pk": 555, "fields": {"fecha_inicio": "2017-06-10T07:00:00", "fecha_fin": "2017-06-10T19:00:00"}}, {"model": "turno.rangofecha", "pk": 556, "fields": {"fecha_inicio": "2017-06-13T03:00:00", "fecha_fin": "2017-06-12T19:00:00"}}, {"model": "turno.rangofecha", "pk": 557, "fields": {"fecha_inicio": "2017-06-12T07:00:00", "fecha_fin": "2017-06-12T19:00:00"}}, {"model": "turno.rangofecha", "pk": 558, "fields": {"fecha_inicio": "2017-06-13T03:00:00", "fecha_fin": "2017-06-12T19:00:00"}}, {"model": "turno.rangofecha", "pk": 559, "fields": {"fecha_inicio": "2017-06-12T07:00:00", "fecha_fin": "2017-06-12T19:00:00"}}, {"model": "turno.rangofecha", "pk": 560, "fields": {"fecha_inicio": "2017-06-14T03:00:00", "fecha_fin": "2017-06-13T19:00:00"}}, {"model": "turno.rangofecha", "pk": 561, "fields": {"fecha_inicio": "2017-06-13T07:00:00", "fecha_fin": "2017-06-13T19:00:00"}}, {"model": "turno.rangofecha", "pk": 562, "fields": {"fecha_inicio": "2017-06-22T03:00:00", "fecha_fin": "2017-06-21T19:00:00"}}, {"model": "turno.rangofecha", "pk": 563, "fields": {"fecha_inicio": "2017-06-21T07:00:00", "fecha_fin": "2017-06-21T19:00:00"}}, {"model": "turno.rangofecha", "pk": 564, "fields": {"fecha_inicio": "2017-06-22T03:00:00", "fecha_fin": "2017-06-21T19:00:00"}}, {"model": "turno.rangofecha", "pk": 565, "fields": {"fecha_inicio": "2017-06-21T07:00:00", "fecha_fin": "2017-06-21T19:00:00"}}, {"model": "turno.rangofecha", "pk": 566, "fields": {"fecha_inicio": "2017-06-23T02:00:00", "fecha_fin": "2017-06-22T18:00:00"}}, {"model": "turno.rangofecha", "pk": 567, "fields": {"fecha_inicio": "2017-06-22T07:00:00", "fecha_fin": "2017-06-22T18:00:00"}}, {"model": "turno.rangofecha", "pk": 568, "fields": {"fecha_inicio": "2017-06-23T03:00:00", "fecha_fin": "2017-06-22T19:00:00"}}, {"model": "turno.rangofecha", "pk": 569, "fields": {"fecha_inicio": "2017-06-22T17:00:00", "fecha_fin": "2017-06-22T19:00:00"}}, {"model": "turno.rangofecha", "pk": 570, "fields": {"fecha_inicio": "2017-06-23T02:00:00", "fecha_fin": "2017-06-22T18:00:00"}}, {"model": "turno.rangofecha", "pk": 571, "fields": {"fecha_inicio": "2017-06-22T07:00:00", "fecha_fin": "2017-06-22T18:00:00"}}, {"model": "turno.rangofecha", "pk": 572, "fields": {"fecha_inicio": "2017-06-02T19:00:00", "fecha_fin": "2017-06-02T11:00:00"}}, {"model": "turno.rangofecha", "pk": 573, "fields": {"fecha_inicio": "2017-06-02T03:00:00", "fecha_fin": "2017-06-02T06:00:00"}}, {"model": "turno.rangofecha", "pk": 574, "fields": {"fecha_inicio": "2017-06-02T06:00:00", "fecha_fin": "2017-06-02T11:00:00"}}, {"model": "turno.rangofecha", "pk": 575, "fields": {"fecha_inicio": "2017-06-03T21:00:00", "fecha_fin": "2017-06-03T13:00:00"}}, {"model": "turno.rangofecha", "pk": 576, "fields": {"fecha_inicio": "2017-06-03T03:00:00", "fecha_fin": "2017-06-03T06:00:00"}}, {"model": "turno.rangofecha", "pk": 577, "fields": {"fecha_inicio": "2017-06-03T06:00:00", "fecha_fin": "2017-06-03T13:00:00"}}, {"model": "turno.rangofecha", "pk": 578, "fields": {"fecha_inicio": "2017-06-04T07:00:00", "fecha_fin": "2017-06-03T23:00:00"}}, {"model": "turno.rangofecha", "pk": 579, "fields": {"fecha_inicio": "2017-06-03T21:00:00", "fecha_fin": "2017-06-03T23:00:00"}}, {"model": "turno.rangofecha", "pk": 580, "fields": {"fecha_inicio": "2017-06-03T13:00:00", "fecha_fin": "2017-06-03T21:00:00"}}, {"model": "turno.rangofecha", "pk": 581, "fields": {"fecha_inicio": "2017-06-06T19:00:00", "fecha_fin": "2017-06-05T13:00:00"}}, {"model": "turno.rangofecha", "pk": 582, "fields": {"fecha_inicio": "2017-06-04T21:00:00", "fecha_fin": "2017-06-05T00:00:00"}}, {"model": "turno.rangofecha", "pk": 583, "fields": {"fecha_inicio": "2017-06-05T00:00:00", "fecha_fin": "2017-06-05T06:00:00"}}, {"model": "turno.rangofecha", "pk": 584, "fields": {"fecha_inicio": "2017-06-04T15:00:00", "fecha_fin": "2017-06-04T21:00:00"}}, {"model": "turno.rangofecha", "pk": 585, "fields": {"fecha_inicio": "2017-06-05T06:00:00", "fecha_fin": "2017-06-05T13:00:00"}}, {"model": "turno.rangofecha", "pk": 586, "fields": {"fecha_inicio": "2017-06-05T19:00:00", "fecha_fin": "2017-06-05T11:00:00"}}, {"model": "turno.rangofecha", "pk": 587, "fields": {"fecha_inicio": "2017-06-05T03:00:00", "fecha_fin": "2017-06-05T06:00:00"}}, {"model": "turno.rangofecha", "pk": 588, "fields": {"fecha_inicio": "2017-06-05T06:00:00", "fecha_fin": "2017-06-05T11:00:00"}}, {"model": "turno.rangofecha", "pk": 589, "fields": {"fecha_inicio": "2017-06-06T19:00:00", "fecha_fin": "2017-06-06T11:00:00"}}, {"model": "turno.rangofecha", "pk": 590, "fields": {"fecha_inicio": "2017-06-06T03:00:00", "fecha_fin": "2017-06-06T06:00:00"}}, {"model": "turno.rangofecha", "pk": 591, "fields": {"fecha_inicio": "2017-06-06T06:00:00", "fecha_fin": "2017-06-06T11:00:00"}}, {"model": "turno.rangofecha", "pk": 592, "fields": {"fecha_inicio": "2017-06-07T20:00:00", "fecha_fin": "2017-06-07T12:00:00"}}, {"model": "turno.rangofecha", "pk": 593, "fields": {"fecha_inicio": "2017-06-07T03:00:00", "fecha_fin": "2017-06-07T06:00:00"}}, {"model": "turno.rangofecha", "pk": 594, "fields": {"fecha_inicio": "2017-06-07T06:00:00", "fecha_fin": "2017-06-07T12:00:00"}}, {"model": "turno.rangofecha", "pk": 595, "fields": {"fecha_inicio": "2017-06-08T19:00:00", "fecha_fin": "2017-06-08T11:00:00"}}, {"model": "turno.rangofecha", "pk": 596, "fields": {"fecha_inicio": "2017-06-08T03:00:00", "fecha_fin": "2017-06-08T06:00:00"}}, {"model": "turno.rangofecha", "pk": 597, "fields": {"fecha_inicio": "2017-06-08T06:00:00", "fecha_fin": "2017-06-08T11:00:00"}}, {"model": "turno.rangofecha", "pk": 598, "fields": {"fecha_inicio": "2017-06-09T19:00:00", "fecha_fin": "2017-06-09T11:00:00"}}, {"model": "turno.rangofecha", "pk": 599, "fields": {"fecha_inicio": "2017-06-09T03:00:00", "fecha_fin": "2017-06-09T06:00:00"}}, {"model": "turno.rangofecha", "pk": 600, "fields": {"fecha_inicio": "2017-06-09T06:00:00", "fecha_fin": "2017-06-09T11:00:00"}}, {"model": "turno.rangofecha", "pk": 601, "fields": {"fecha_inicio": "2017-06-10T02:00:00", "fecha_fin": "2017-06-09T18:00:00"}}, {"model": "turno.rangofecha", "pk": 602, "fields": {"fecha_inicio": "2017-06-09T11:00:00", "fecha_fin": "2017-06-09T18:00:00"}}, {"model": "turno.rangofecha", "pk": 603, "fields": {"fecha_inicio": "2017-06-10T19:00:00", "fecha_fin": "2017-06-10T11:00:00"}}, {"model": "turno.rangofecha", "pk": 604, "fields": {"fecha_inicio": "2017-06-10T03:00:00", "fecha_fin": "2017-06-10T06:00:00"}}, {"model": "turno.rangofecha", "pk": 605, "fields": {"fecha_inicio": "2017-06-10T06:00:00", "fecha_fin": "2017-06-10T11:00:00"}}, {"model": "turno.rangofecha", "pk": 606, "fields": {"fecha_inicio": "2017-06-11T01:00:00", "fecha_fin": "2017-06-10T17:00:00"}}, {"model": "turno.rangofecha", "pk": 607, "fields": {"fecha_inicio": "2017-06-10T11:00:00", "fecha_fin": "2017-06-10T17:00:00"}}, {"model": "turno.rangofecha", "pk": 608, "fields": {"fecha_inicio": "2017-06-12T23:00:00", "fecha_fin": "2017-06-12T03:00:00"}}, {"model": "turno.rangofecha", "pk": 609, "fields": {"fecha_inicio": "2017-06-11T21:00:00", "fecha_fin": "2017-06-12T00:00:00"}}, {"model": "turno.rangofecha", "pk": 610, "fields": {"fecha_inicio": "2017-06-12T00:00:00", "fecha_fin": "2017-06-12T03:00:00"}}, {"model": "turno.rangofecha", "pk": 611, "fields": {"fecha_inicio": "2017-06-11T15:00:00", "fecha_fin": "2017-06-11T21:00:00"}}, {"model": "turno.rangofecha", "pk": 612, "fields": {"fecha_inicio": "2017-06-13T07:00:00", "fecha_fin": "2017-06-12T23:00:00"}}, {"model": "turno.rangofecha", "pk": 613, "fields": {"fecha_inicio": "2017-06-12T21:00:00", "fecha_fin": "2017-06-12T23:00:00"}}, {"model": "turno.rangofecha", "pk": 614, "fields": {"fecha_inicio": "2017-06-12T15:00:00", "fecha_fin": "2017-06-12T21:00:00"}}, {"model": "turno.rangofecha", "pk": 615, "fields": {"fecha_inicio": "2017-06-12T23:00:00", "fecha_fin": "2017-06-12T15:00:00"}}, {"model": "turno.rangofecha", "pk": 616, "fields": {"fecha_inicio": "2017-06-12T04:00:00", "fecha_fin": "2017-06-12T06:00:00"}}, {"model": "turno.rangofecha", "pk": 617, "fields": {"fecha_inicio": "2017-06-12T06:00:00", "fecha_fin": "2017-06-12T15:00:00"}}, {"model": "turno.rangofecha", "pk": 618, "fields": {"fecha_inicio": "2017-06-13T19:00:00", "fecha_fin": "2017-06-13T11:00:00"}}, {"model": "turno.rangofecha", "pk": 619, "fields": {"fecha_inicio": "2017-06-13T03:00:00", "fecha_fin": "2017-06-13T06:00:00"}}, {"model": "turno.rangofecha", "pk": 620, "fields": {"fecha_inicio": "2017-06-13T06:00:00", "fecha_fin": "2017-06-13T11:00:00"}}, {"model": "turno.rangofecha", "pk": 621, "fields": {"fecha_inicio": "2017-06-17T00:00:00", "fecha_fin": "2017-06-16T16:00:00"}}, {"model": "turno.rangofecha", "pk": 622, "fields": {"fecha_inicio": "2017-06-16T10:00:00", "fecha_fin": "2017-06-16T16:00:00"}}, {"model": "turno.rangofecha", "pk": 623, "fields": {"fecha_inicio": "2017-06-18T03:00:00", "fecha_fin": "2017-06-17T19:00:00"}}, {"model": "turno.rangofecha", "pk": 624, "fields": {"fecha_inicio": "2017-06-17T07:00:00", "fecha_fin": "2017-06-17T19:00:00"}}, {"model": "turno.rangofecha", "pk": 625, "fields": {"fecha_inicio": "2017-06-18T03:00:00", "fecha_fin": "2017-06-17T19:00:00"}}, {"model": "turno.rangofecha", "pk": 626, "fields": {"fecha_inicio": "2017-06-17T07:00:00", "fecha_fin": "2017-06-17T19:00:00"}}, {"model": "turno.rangofecha", "pk": 627, "fields": {"fecha_inicio": "2017-06-17T23:00:00", "fecha_fin": "2017-06-17T15:00:00"}}, {"model": "turno.rangofecha", "pk": 628, "fields": {"fecha_inicio": "2017-06-17T07:00:00", "fecha_fin": "2017-06-17T15:00:00"}}, {"model": "turno.rangofecha", "pk": 629, "fields": {"fecha_inicio": "2017-06-17T23:00:00", "fecha_fin": "2017-06-17T15:00:00"}}, {"model": "turno.rangofecha", "pk": 630, "fields": {"fecha_inicio": "2017-06-17T07:00:00", "fecha_fin": "2017-06-17T15:00:00"}}, {"model": "turno.rangofecha", "pk": 631, "fields": {"fecha_inicio": "2017-06-21T01:00:00", "fecha_fin": "2017-06-20T17:00:00"}}, {"model": "turno.rangofecha", "pk": 632, "fields": {"fecha_inicio": "2017-06-20T07:00:00", "fecha_fin": "2017-06-20T17:00:00"}}, {"model": "turno.rangofecha", "pk": 633, "fields": {"fecha_inicio": "2017-06-21T01:00:00", "fecha_fin": "2017-06-20T17:00:00"}}, {"model": "turno.rangofecha", "pk": 634, "fields": {"fecha_inicio": "2017-06-20T07:00:00", "fecha_fin": "2017-06-20T17:00:00"}}, {"model": "turno.rangofecha", "pk": 635, "fields": {"fecha_inicio": "2017-06-21T19:00:00", "fecha_fin": "2017-06-21T02:00:00"}}, {"model": "turno.rangofecha", "pk": 636, "fields": {"fecha_inicio": "2017-06-20T21:00:00", "fecha_fin": "2017-06-21T00:00:00"}}, {"model": "turno.rangofecha", "pk": 637, "fields": {"fecha_inicio": "2017-06-21T00:00:00", "fecha_fin": "2017-06-21T02:00:00"}}, {"model": "turno.rangofecha", "pk": 638, "fields": {"fecha_inicio": "2017-06-20T17:00:00", "fecha_fin": "2017-06-20T21:00:00"}}, {"model": "turno.rangofecha", "pk": 639, "fields": {"fecha_inicio": "2017-06-21T06:00:00", "fecha_fin": "2017-06-20T22:00:00"}}, {"model": "turno.rangofecha", "pk": 640, "fields": {"fecha_inicio": "2017-06-20T21:00:00", "fecha_fin": "2017-06-20T22:00:00"}}, {"model": "turno.rangofecha", "pk": 641, "fields": {"fecha_inicio": "2017-06-20T17:00:00", "fecha_fin": "2017-06-20T21:00:00"}}, {"model": "turno.rangofecha", "pk": 642, "fields": {"fecha_inicio": "2017-06-22T01:00:00", "fecha_fin": "2017-06-21T17:00:00"}}, {"model": "turno.rangofecha", "pk": 643, "fields": {"fecha_inicio": "2017-06-21T07:00:00", "fecha_fin": "2017-06-21T17:00:00"}}, {"model": "turno.rangofecha", "pk": 644, "fields": {"fecha_inicio": "2017-06-22T01:00:00", "fecha_fin": "2017-06-21T17:00:00"}}, {"model": "turno.rangofecha", "pk": 645, "fields": {"fecha_inicio": "2017-06-21T07:00:00", "fecha_fin": "2017-06-21T17:00:00"}}, {"model": "turno.rangofecha", "pk": 646, "fields": {"fecha_inicio": "2017-07-01T01:00:00", "fecha_fin": "2017-06-30T17:00:00"}}, {"model": "turno.rangofecha", "pk": 647, "fields": {"fecha_inicio": "2017-06-30T11:00:00", "fecha_fin": "2017-06-30T17:00:00"}}, {"model": "turno.rangofecha", "pk": 669, "fields": {"fecha_inicio": "2017-06-02T07:00:00", "fecha_fin": "2017-06-02T19:00:00"}}, {"model": "turno.rangofecha", "pk": 670, "fields": {"fecha_inicio": "2017-06-04T01:00:00", "fecha_fin": "2017-06-03T06:00:00"}}, {"model": "turno.rangofecha", "pk": 671, "fields": {"fecha_inicio": "2017-06-02T21:00:00", "fecha_fin": "2017-06-03T00:00:00"}}, {"model": "turno.rangofecha", "pk": 672, "fields": {"fecha_inicio": "2017-06-03T00:00:00", "fecha_fin": "2017-06-03T06:00:00"}}, {"model": "turno.rangofecha", "pk": 673, "fields": {"fecha_inicio": "2017-06-02T19:00:00", "fecha_fin": "2017-06-02T21:00:00"}}, {"model": "turno.rangofecha", "pk": 674, "fields": {"fecha_inicio": "2017-06-04T03:00:00", "fecha_fin": "2017-06-03T19:00:00"}}, {"model": "turno.rangofecha", "pk": 675, "fields": {"fecha_inicio": "2017-06-03T07:00:00", "fecha_fin": "2017-06-03T19:00:00"}}, {"model": "turno.rangofecha", "pk": 676, "fields": {"fecha_inicio": "2017-06-04T03:00:00", "fecha_fin": "2017-06-03T19:00:00"}}, {"model": "turno.rangofecha", "pk": 677, "fields": {"fecha_inicio": "2017-06-03T07:00:00", "fecha_fin": "2017-06-03T19:00:00"}}, {"model": "turno.rangofecha", "pk": 678, "fields": {"fecha_inicio": "2017-06-28T03:00:00", "fecha_fin": "2017-06-27T19:00:00"}}, {"model": "turno.rangofecha", "pk": 679, "fields": {"fecha_inicio": "2017-06-27T07:00:00", "fecha_fin": "2017-06-27T19:00:00"}}, {"model": "turno.rangofecha", "pk": 680, "fields": {"fecha_inicio": "2017-06-29T03:00:00", "fecha_fin": "2017-06-28T19:00:00"}}, {"model": "turno.rangofecha", "pk": 681, "fields": {"fecha_inicio": "2017-06-28T07:00:00", "fecha_fin": "2017-06-28T19:00:00"}}, {"model": "turno.rangofecha", "pk": 682, "fields": {"fecha_inicio": "2017-06-29T03:00:00", "fecha_fin": "2017-06-28T19:00:00"}}, {"model": "turno.rangofecha", "pk": 683, "fields": {"fecha_inicio": "2017-06-28T07:00:00", "fecha_fin": "2017-06-28T19:00:00"}}, {"model": "turno.rangofecha", "pk": 684, "fields": {"fecha_inicio": "2017-06-29T03:00:00", "fecha_fin": "2017-06-28T19:00:00"}}, {"model": "turno.rangofecha", "pk": 685, "fields": {"fecha_inicio": "2017-06-28T07:00:00", "fecha_fin": "2017-06-28T19:00:00"}}, {"model": "turno.rangofecha", "pk": 686, "fields": {"fecha_inicio": "2017-06-29T03:00:00", "fecha_fin": "2017-06-28T19:00:00"}}, {"model": "turno.rangofecha", "pk": 687, "fields": {"fecha_inicio": "2017-06-28T07:00:00", "fecha_fin": "2017-06-28T19:00:00"}}, {"model": "turno.rangofecha", "pk": 688, "fields": {"fecha_inicio": "2017-06-02T03:00:00", "fecha_fin": "2017-06-01T19:00:00"}}, {"model": "turno.rangofecha", "pk": 689, "fields": {"fecha_inicio": "2017-06-01T07:00:00", "fecha_fin": "2017-06-01T19:00:00"}}, {"model": "turno.rangofecha", "pk": 690, "fields": {"fecha_inicio": "2017-06-03T01:00:00", "fecha_fin": "2017-06-02T06:00:00"}}, {"model": "turno.rangofecha", "pk": 691, "fields": {"fecha_inicio": "2017-06-01T21:00:00", "fecha_fin": "2017-06-02T00:00:00"}}, {"model": "turno.rangofecha", "pk": 692, "fields": {"fecha_inicio": "2017-06-02T00:00:00", "fecha_fin": "2017-06-02T06:00:00"}}, {"model": "turno.rangofecha", "pk": 693, "fields": {"fecha_inicio": "2017-06-01T19:00:00", "fecha_fin": "2017-06-01T21:00:00"}}, {"model": "turno.rangofecha", "pk": 694, "fields": {"fecha_inicio": "2017-06-03T03:00:00", "fecha_fin": "2017-06-02T19:00:00"}}, {"model": "turno.rangofecha", "pk": 695, "fields": {"fecha_inicio": "2017-06-02T07:00:00", "fecha_fin": "2017-06-02T19:00:00"}}, {"model": "turno.rangofecha", "pk": 696, "fields": {"fecha_inicio": "2017-06-07T07:00:00", "fecha_fin": "2017-06-07T19:00:00"}}, {"model": "turno.rangofecha", "pk": 697, "fields": {"fecha_inicio": "2017-06-07T07:00:00", "fecha_fin": "2017-06-07T17:00:00"}}, {"model": "turno.rangofecha", "pk": 698, "fields": {"fecha_inicio": "2017-06-08T07:00:00", "fecha_fin": "2017-06-08T19:00:00"}}, {"model": "turno.rangofecha", "pk": 699, "fields": {"fecha_inicio": "2017-06-08T07:00:00", "fecha_fin": "2017-06-08T19:00:00"}}, {"model": "turno.rangofecha", "pk": 700, "fields": {"fecha_inicio": "2017-06-09T07:00:00", "fecha_fin": "2017-06-09T19:00:00"}}, {"model": "turno.rangofecha", "pk": 701, "fields": {"fecha_inicio": "2017-06-09T07:00:00", "fecha_fin": "2017-06-09T19:00:00"}}, {"model": "turno.rangofecha", "pk": 702, "fields": {"fecha_inicio": "2017-06-13T11:00:00", "fecha_fin": "2017-06-13T17:00:00"}}, {"model": "turno.rangofecha", "pk": 703, "fields": {"fecha_inicio": "2017-06-14T03:00:00", "fecha_fin": "2017-06-14T06:00:00"}}, {"model": "turno.rangofecha", "pk": 704, "fields": {"fecha_inicio": "2017-06-14T06:00:00", "fecha_fin": "2017-06-14T11:00:00"}}, {"model": "turno.rangofecha", "pk": 705, "fields": {"fecha_inicio": "2017-06-15T03:00:00", "fecha_fin": "2017-06-15T06:00:00"}}, {"model": "turno.rangofecha", "pk": 706, "fields": {"fecha_inicio": "2017-06-15T06:00:00", "fecha_fin": "2017-06-15T11:00:00"}}, {"model": "turno.rangofecha", "pk": 707, "fields": {"fecha_inicio": "2017-06-15T11:00:00", "fecha_fin": "2017-06-15T16:00:00"}}, {"model": "turno.rangofecha", "pk": 708, "fields": {"fecha_inicio": "2017-06-16T03:00:00", "fecha_fin": "2017-06-16T06:00:00"}}, {"model": "turno.rangofecha", "pk": 709, "fields": {"fecha_inicio": "2017-06-16T06:00:00", "fecha_fin": "2017-06-16T11:00:00"}}, {"model": "turno.rangofecha", "pk": 710, "fields": {"fecha_inicio": "2017-06-16T11:00:00", "fecha_fin": "2017-06-16T17:00:00"}}, {"model": "turno.rangofecha", "pk": 711, "fields": {"fecha_inicio": "2017-06-17T03:00:00", "fecha_fin": "2017-06-17T06:00:00"}}, {"model": "turno.rangofecha", "pk": 712, "fields": {"fecha_inicio": "2017-06-17T06:00:00", "fecha_fin": "2017-06-17T15:00:00"}}, {"model": "turno.rangofecha", "pk": 713, "fields": {"fecha_inicio": "2017-06-17T21:00:00", "fecha_fin": "2017-06-18T00:00:00"}}, {"model": "turno.rangofecha", "pk": 714, "fields": {"fecha_inicio": "2017-06-17T15:00:00", "fecha_fin": "2017-06-17T21:00:00"}}, {"model": "turno.rangofecha", "pk": 715, "fields": {"fecha_inicio": "2017-06-19T04:00:00", "fecha_fin": "2017-06-19T06:00:00"}}, {"model": "turno.rangofecha", "pk": 716, "fields": {"fecha_inicio": "2017-06-19T06:00:00", "fecha_fin": "2017-06-19T12:00:00"}}, {"model": "turno.rangofecha", "pk": 717, "fields": {"fecha_inicio": "2017-06-20T03:00:00", "fecha_fin": "2017-06-20T06:00:00"}}, {"model": "turno.rangofecha", "pk": 718, "fields": {"fecha_inicio": "2017-06-20T06:00:00", "fecha_fin": "2017-06-20T12:00:00"}}, {"model": "turno.rangofecha", "pk": 719, "fields": {"fecha_inicio": "2017-06-20T12:00:00", "fecha_fin": "2017-06-20T16:00:00"}}, {"model": "turno.rangofecha", "pk": 720, "fields": {"fecha_inicio": "2017-06-21T03:00:00", "fecha_fin": "2017-06-21T06:00:00"}}, {"model": "turno.rangofecha", "pk": 721, "fields": {"fecha_inicio": "2017-06-21T06:00:00", "fecha_fin": "2017-06-21T15:00:00"}}, {"model": "turno.rangofecha", "pk": 722, "fields": {"fecha_inicio": "2017-06-21T03:00:00", "fecha_fin": "2017-06-21T06:00:00"}}, {"model": "turno.rangofecha", "pk": 723, "fields": {"fecha_inicio": "2017-06-21T06:00:00", "fecha_fin": "2017-06-21T15:00:00"}}, {"model": "turno.rangofecha", "pk": 724, "fields": {"fecha_inicio": "2017-06-01T07:00:00", "fecha_fin": "2017-06-01T19:00:00"}}, {"model": "turno.rangofecha", "pk": 725, "fields": {"fecha_inicio": "2017-06-04T07:00:00", "fecha_fin": "2017-06-04T19:00:00"}}, {"model": "turno.rangofecha", "pk": 726, "fields": {"fecha_inicio": "2017-06-05T07:00:00", "fecha_fin": "2017-06-05T19:00:00"}}, {"model": "turno.rangofecha", "pk": 727, "fields": {"fecha_inicio": "2017-06-06T07:00:00", "fecha_fin": "2017-06-06T19:00:00"}}, {"model": "turno.rangofecha", "pk": 728, "fields": {"fecha_inicio": "2017-06-06T07:00:00", "fecha_fin": "2017-06-06T19:00:00"}}, {"model": "turno.rangofecha", "pk": 729, "fields": {"fecha_inicio": "2017-06-06T07:00:00", "fecha_fin": "2017-06-06T17:00:00"}}, {"model": "turno.rangofecha", "pk": 730, "fields": {"fecha_inicio": "2017-06-07T07:00:00", "fecha_fin": "2017-06-07T19:00:00"}}, {"model": "turno.turno", "pk": 1, "fields": {"empleado": 7, "entrada": "2017-06-01T07:00:00", "salida": "2017-06-01T19:00:00", "aprobado": true, "aprobado_user": 1, "creator": null, "last_editor": 1, "extras": [], "nocturna": [], "diurna": [724], "dominical": []}}, {"model": "turno.turno", "pk": 2, "fields": {"empleado": 9, "entrada": "2017-06-01T07:00:00", "salida": "2017-06-01T19:00:00", "aprobado": true, "aprobado_user": 1, "creator": null, "last_editor": 1, "extras": [688], "nocturna": [], "diurna": [689], "dominical": []}}, {"model": "turno.turno", "pk": 3, "fields": {"empleado": 8, "entrada": "2017-06-01T19:00:00", "salida": "2017-06-02T06:00:00", "aprobado": true, "aprobado_user": 1, "creator": null, "last_editor": 1, "extras": [690], "nocturna": [691, 692], "diurna": [693], "dominical": []}}, {"model": "turno.turno", "pk": 4, "fields": {"empleado": 7, "entrada": "2017-06-02T07:00:00", "salida": "2017-06-02T19:00:00", "aprobado": true, "aprobado_user": 1, "creator": null, "last_editor": 1, "extras": [694], "nocturna": [], "diurna": [695], "dominical": []}}, {"model": "turno.turno", "pk": 5, "fields": {"empleado": 9, "entrada": "2017-06-02T07:00:00", "salida": "2017-06-02T19:00:00", "aprobado": true, "aprobado_user": 1, "creator": null, "last_editor": 1, "extras": [], "nocturna": [], "diurna": [669], "dominical": []}}, {"model": "turno.turno", "pk": 6, "fields": {"empleado": 8, "entrada": "2017-06-02T19:00:00", "salida": "2017-06-03T06:00:00", "aprobado": true, "aprobado_user": 1, "creator": null, "last_editor": 1, "extras": [670], "nocturna": [671, 672], "diurna": [673], "dominical": []}}, {"model": "turno.turno", "pk": 7, "fields": {"empleado": 7, "entrada": "2017-06-03T07:00:00", "salida": "2017-06-03T19:00:00", "aprobado": true, "aprobado_user": 1, "creator": null, "last_editor": 1, "extras": [674], "nocturna": [], "diurna": [675], "dominical": []}}, {"model": "turno.turno", "pk": 8, "fields": {"empleado": 10, "entrada": "2017-06-03T07:00:00", "salida": "2017-06-03T19:00:00", "aprobado": true, "aprobado_user": 1, "creator": null, "last_editor": 1, "extras": [676], "nocturna": [], "diurna": [677], "dominical": []}}, {"model": "turno.turno", "pk": 9, "fields": {"empleado": 7, "entrada": "2017-06-04T07:00:00", "salida": "2017-06-04T19:00:00", "aprobado": true, "aprobado_user": 1, "creator": null, "last_editor": 1, "extras": [], "nocturna": [], "diurna": [725], "dominical": []}}, {"model": "turno.turno", "pk": 10, "fields": {"empleado": 7, "entrada": "2017-06-05T07:00:00", "salida": "2017-06-05T19:00:00", "aprobado": true, "aprobado_user": 1, "creator": null, "last_editor": 1, "extras": [], "nocturna": [], "diurna": [726], "dominical": []}}, {"model": "turno.turno", "pk": 11, "fields": {"empleado": 7, "entrada": "2017-06-06T07:00:00", "salida": "2017-06-06T19:00:00", "aprobado": true, "aprobado_user": 1, "creator": null, "last_editor": 1, "extras": [], "nocturna": [], "diurna": [727], "dominical": []}}, {"model": "turno.turno", "pk": 12, "fields": {"empleado": 9, "entrada": "2017-06-06T07:00:00", "salida": "2017-06-06T19:00:00", "aprobado": true, "aprobado_user": 1, "creator": null, "last_editor": 1, "extras": [], "nocturna": [], "diurna": [728], "dominical": []}}, {"model": "turno.turno", "pk": 13, "fields": {"empleado": 10, "entrada": "2017-06-06T07:00:00", "salida": "2017-06-06T17:00:00", "aprobado": true, "aprobado_user": 1, "creator": null, "last_editor": 1, "extras": [], "nocturna": [], "diurna": [729], "dominical": []}}, {"model": "turno.turno", "pk": 14, "fields": {"empleado": 7, "entrada": "2017-06-07T07:00:00", "salida": "2017-06-07T19:00:00", "aprobado": true, "aprobado_user": 1, "creator": null, "last_editor": 1, "extras": [], "nocturna": [], "diurna": [730], "dominical": []}}, {"model": "turno.turno", "pk": 15, "fields": {"empleado": 9, "entrada": "2017-06-07T07:00:00", "salida": "2017-06-07T19:00:00", "aprobado": true, "aprobado_user": 1, "creator": null, "last_editor": 1, "extras": [], "nocturna": [], "diurna": [696], "dominical": []}}, {"model": "turno.turno", "pk": 16, "fields": {"empleado": 10, "entrada": "2017-06-07T07:00:00", "salida": "2017-06-07T17:00:00", "aprobado": true, "aprobado_user": 1, "creator": null, "last_editor": 1, "extras": [], "nocturna": [], "diurna": [697], "dominical": []}}, {"model": "turno.turno", "pk": 17, "fields": {"empleado": 7, "entrada": "2017-06-08T07:00:00", "salida": "2017-06-08T19:00:00", "aprobado": true, "aprobado_user": 1, "creator": null, "last_editor": 1, "extras": [], "nocturna": [], "diurna": [698], "dominical": []}}, {"model": "turno.turno", "pk": 18, "fields": {"empleado": 9, "entrada": "2017-06-08T07:00:00", "salida": "2017-06-08T19:00:00", "aprobado": true, "aprobado_user": 1, "creator": null, "last_editor": 1, "extras": [], "nocturna": [], "diurna": [699], "dominical": []}}, {"model": "turno.turno", "pk": 19, "fields": {"empleado": 7, "entrada": "2017-06-09T07:00:00", "salida": "2017-06-09T19:00:00", "aprobado": true, "aprobado_user": 1, "creator": null, "last_editor": 1, "extras": [], "nocturna": [], "diurna": [700], "dominical": []}}, {"model": "turno.turno", "pk": 20, "fields": {"empleado": 9, "entrada": "2017-06-09T07:00:00", "salida": "2017-06-09T19:00:00", "aprobado": true, "aprobado_user": 1, "creator": null, "last_editor": 1, "extras": [], "nocturna": [], "diurna": [701], "dominical": []}}, {"model": "turno.turno", "pk": 21, "fields": {"empleado": 10, "entrada": "2017-06-09T07:00:00", "salida": "2017-06-09T17:00:00", "aprobado": true, "aprobado_user": null, "creator": null, "last_editor": 1, "extras": [550], "nocturna": [], "diurna": [551], "dominical": []}}, {"model": "turno.turno", "pk": 22, "fields": {"empleado": 7, "entrada": "2017-06-10T07:00:00", "salida": "2017-06-10T19:00:00", "aprobado": true, "aprobado_user": null, "creator": null, "last_editor": 1, "extras": [552], "nocturna": [], "diurna": [553], "dominical": []}}, {"model": "turno.turno", "pk": 23, "fields": {"empleado": 9, "entrada": "2017-06-10T07:00:00", "salida": "2017-06-10T19:00:00", "aprobado": true, "aprobado_user": null, "creator": null, "last_editor": 1, "extras": [554], "nocturna": [], "diurna": [555], "dominical": []}}, {"model": "turno.turno", "pk": 24, "fields": {"empleado": 7, "entrada": "2017-06-12T07:00:00", "salida": "2017-06-12T19:00:00", "aprobado": true, "aprobado_user": null, "creator": null, "last_editor": 1, "extras": [556], "nocturna": [], "diurna": [557], "dominical": []}}, {"model": "turno.turno", "pk": 25, "fields": {"empleado": 10, "entrada": "2017-06-12T07:00:00", "salida": "2017-06-12T19:00:00", "aprobado": true, "aprobado_user": null, "creator": null, "last_editor": 1, "extras": [558], "nocturna": [], "diurna": [559], "dominical": []}}, {"model": "turno.turno", "pk": 26, "fields": {"empleado": 7, "entrada": "2017-06-13T07:00:00", "salida": "2017-06-13T19:00:00", "aprobado": true, "aprobado_user": null, "creator": null, "last_editor": 1, "extras": [560], "nocturna": [], "diurna": [561], "dominical": []}}, {"model": "turno.turno", "pk": 27, "fields": {"empleado": 10, "entrada": "2017-06-13T07:00:00", "salida": "2017-06-13T19:00:00", "aprobado": true, "aprobado_user": null, "creator": null, "last_editor": 1, "extras": [534], "nocturna": [], "diurna": [535], "dominical": []}}, {"model": "turno.turno", "pk": 28, "fields": {"empleado": 7, "entrada": "2017-06-14T07:00:00", "salida": "2017-06-14T19:00:00", "aprobado": true, "aprobado_user": null, "creator": null, "last_editor": 1, "extras": [536], "nocturna": [], "diurna": [537], "dominical": []}}, {"model": "turno.turno", "pk": 29, "fields": {"empleado": 9, "entrada": "2017-06-14T07:00:00", "salida": "2017-06-14T19:00:00", "aprobado": true, "aprobado_user": null, "creator": null, "last_editor": 1, "extras": [538], "nocturna": [], "diurna": [539], "dominical": []}}, {"model": "turno.turno", "pk": 30, "fields": {"empleado": 7, "entrada": "2017-06-15T07:00:00", "salida": "2017-06-15T19:00:00", "aprobado": true, "aprobado_user": null, "creator": null, "last_editor": 1, "extras": [540], "nocturna": [], "diurna": [541], "dominical": []}}, {"model": "turno.turno", "pk": 31, "fields": {"empleado": 9, "entrada": "2017-06-15T07:00:00", "salida": "2017-06-15T19:00:00", "aprobado": true, "aprobado_user": null, "creator": null, "last_editor": 1, "extras": [542], "nocturna": [], "diurna": [543], "dominical": []}}, {"model": "turno.turno", "pk": 32, "fields": {"empleado": 7, "entrada": "2017-06-16T07:00:00", "salida": "2017-06-16T19:00:00", "aprobado": true, "aprobado_user": null, "creator": null, "last_editor": 1, "extras": [544], "nocturna": [], "diurna": [545], "dominical": []}}, {"model": "turno.turno", "pk": 33, "fields": {"empleado": 9, "entrada": "2017-06-16T07:00:00", "salida": "2017-06-16T19:00:00", "aprobado": true, "aprobado_user": null, "creator": null, "last_editor": 1, "extras": [546], "nocturna": [], "diurna": [547], "dominical": []}}, {"model": "turno.turno", "pk": 34, "fields": {"empleado": 8, "entrada": "2017-06-16T10:00:00", "salida": "2017-06-16T16:00:00", "aprobado": true, "aprobado_user": null, "creator": null, "last_editor": 1, "extras": [548], "nocturna": [], "diurna": [549], "dominical": []}}, {"model": "turno.turno", "pk": 35, "fields": {"empleado": 10, "entrada": "2017-06-16T10:00:00", "salida": "2017-06-16T16:00:00", "aprobado": true, "aprobado_user": null, "creator": null, "last_editor": 1, "extras": [621], "nocturna": [], "diurna": [622], "dominical": []}}, {"model": "turno.turno", "pk": 36, "fields": {"empleado": 7, "entrada": "2017-06-17T07:00:00", "salida": "2017-06-17T19:00:00", "aprobado": true, "aprobado_user": null, "creator": null, "last_editor": 1, "extras": [623], "nocturna": [], "diurna": [624], "dominical": []}}, {"model": "turno.turno", "pk": 37, "fields": {"empleado": 9, "entrada": "2017-06-17T07:00:00", "salida": "2017-06-17T19:00:00", "aprobado": true, "aprobado_user": null, "creator": null, "last_editor": 1, "extras": [625], "nocturna": [], "diurna": [626], "dominical": []}}, {"model": "turno.turno", "pk": 38, "fields": {"empleado": 8, "entrada": "2017-06-17T07:00:00", "salida": "2017-06-17T15:00:00", "aprobado": true, "aprobado_user": null, "creator": null, "last_editor": 1, "extras": [627], "nocturna": [], "diurna": [628], "dominical": []}}, {"model": "turno.turno", "pk": 39, "fields": {"empleado": 10, "entrada": "2017-06-17T07:00:00", "salida": "2017-06-17T15:00:00", "aprobado": true, "aprobado_user": null, "creator": null, "last_editor": 1, "extras": [629], "nocturna": [], "diurna": [630], "dominical": []}}, {"model": "turno.turno", "pk": 40, "fields": {"empleado": 7, "entrada": "2017-06-20T07:00:00", "salida": "2017-06-20T17:00:00", "aprobado": true, "aprobado_user": null, "creator": null, "last_editor": 1, "extras": [631], "nocturna": [], "diurna": [632], "dominical": []}}, {"model": "turno.turno", "pk": 41, "fields": {"empleado": 9, "entrada": "2017-06-20T07:00:00", "salida": "2017-06-20T17:00:00", "aprobado": true, "aprobado_user": null, "creator": null, "last_editor": 1, "extras": [633], "nocturna": [], "diurna": [634], "dominical": []}}, {"model": "turno.turno", "pk": 42, "fields": {"empleado": 8, "entrada": "2017-06-20T17:00:00", "salida": "2017-06-21T02:00:00", "aprobado": true, "aprobado_user": null, "creator": null, "last_editor": 1, "extras": [635], "nocturna": [636, 637], "diurna": [638], "dominical": []}}, {"model": "turno.turno", "pk": 43, "fields": {"empleado": 10, "entrada": "2017-06-20T17:00:00", "salida": "2017-06-20T22:00:00", "aprobado": true, "aprobado_user": null, "creator": null, "last_editor": 1, "extras": [639], "nocturna": [640], "diurna": [641], "dominical": []}}, {"model": "turno.turno", "pk": 44, "fields": {"empleado": 7, "entrada": "2017-06-21T07:00:00", "salida": "2017-06-21T17:00:00", "aprobado": true, "aprobado_user": null, "creator": null, "last_editor": 1, "extras": [642], "nocturna": [], "diurna": [643], "dominical": []}}, {"model": "turno.turno", "pk": 45, "fields": {"empleado": 9, "entrada": "2017-06-21T07:00:00", "salida": "2017-06-21T17:00:00", "aprobado": true, "aprobado_user": null, "creator": null, "last_editor": 1, "extras": [644], "nocturna": [], "diurna": [645], "dominical": []}}, {"model": "turno.turno", "pk": 46, "fields": {"empleado": 8, "entrada": "2017-06-21T07:00:00", "salida": "2017-06-21T19:00:00", "aprobado": true, "aprobado_user": null, "creator": null, "last_editor": 1, "extras": [562], "nocturna": [], "diurna": [563], "dominical": []}}, {"model": "turno.turno", "pk": 47, "fields": {"empleado": 10, "entrada": "2017-06-21T07:00:00", "salida": "2017-06-21T19:00:00", "aprobado": true, "aprobado_user": null, "creator": null, "last_editor": 1, "extras": [564], "nocturna": [], "diurna": [565], "dominical": []}}, {"model": "turno.turno", "pk": 48, "fields": {"empleado": 7, "entrada": "2017-06-22T07:00:00", "salida": "2017-06-22T18:00:00", "aprobado": true, "aprobado_user": null, "creator": null, "last_editor": 1, "extras": [566], "nocturna": [], "diurna": [567], "dominical": []}}, {"model": "turno.turno", "pk": 49, "fields": {"empleado": 9, "entrada": "2017-06-22T17:00:00", "salida": "2017-06-22T19:00:00", "aprobado": true, "aprobado_user": null, "creator": null, "last_editor": 1, "extras": [568], "nocturna": [], "diurna": [569], "dominical": []}}, {"model": "turno.turno", "pk": 50, "fields": {"empleado": 10, "entrada": "2017-06-22T07:00:00", "salida": "2017-06-22T18:00:00", "aprobado": true, "aprobado_user": null, "creator": null, "last_editor": 1, "extras": [570], "nocturna": [], "diurna": [571], "dominical": []}}, {"model": "turno.turno", "pk": 51, "fields": {"empleado": 7, "entrada": "2017-06-23T07:00:00", "salida": "2017-06-23T19:00:00", "aprobado": true, "aprobado_user": null, "creator": null, "last_editor": 1, "extras": [495], "nocturna": [], "diurna": [496], "dominical": []}}, {"model": "turno.turno", "pk": 52, "fields": {"empleado": 9, "entrada": "2017-06-23T07:00:00", "salida": "2017-06-23T19:00:00", "aprobado": true, "aprobado_user": null, "creator": null, "last_editor": 1, "extras": [497], "nocturna": [], "diurna": [498], "dominical": []}}, {"model": "turno.turno", "pk": 53, "fields": {"empleado": 10, "entrada": "2017-06-23T07:00:00", "salida": "2017-06-23T19:00:00", "aprobado": true, "aprobado_user": null, "creator": null, "last_editor": 1, "extras": [499], "nocturna": [], "diurna": [500], "dominical": []}}, {"model": "turno.turno", "pk": 54, "fields": {"empleado": 7, "entrada": "2017-06-24T07:00:00", "salida": "2017-06-24T19:00:00", "aprobado": true, "aprobado_user": null, "creator": null, "last_editor": 1, "extras": [501], "nocturna": [], "diurna": [502], "dominical": []}}, {"model": "turno.turno", "pk": 55, "fields": {"empleado": 9, "entrada": "2017-06-24T19:00:00", "salida": "2017-06-24T22:00:00", "aprobado": true, "aprobado_user": null, "creator": null, "last_editor": 1, "extras": [503], "nocturna": [504], "diurna": [505], "dominical": []}}, {"model": "turno.turno", "pk": 56, "fields": {"empleado": 10, "entrada": "2017-06-24T07:00:00", "salida": "2017-06-24T19:00:00", "aprobado": true, "aprobado_user": null, "creator": null, "last_editor": 1, "extras": [506], "nocturna": [], "diurna": [507], "dominical": []}}, {"model": "turno.turno", "pk": 57, "fields": {"empleado": 8, "entrada": "2017-06-25T09:00:00", "salida": "2017-06-25T17:00:00", "aprobado": true, "aprobado_user": null, "creator": null, "last_editor": 1, "extras": [508], "nocturna": [], "diurna": [509], "dominical": []}}, {"model": "turno.turno", "pk": 58, "fields": {"empleado": 7, "entrada": "2017-06-26T07:00:00", "salida": "2017-06-26T19:00:00", "aprobado": true, "aprobado_user": null, "creator": null, "last_editor": 1, "extras": [510], "nocturna": [], "diurna": [511], "dominical": []}}, {"model": "turno.turno", "pk": 59, "fields": {"empleado": 9, "entrada": "2017-06-26T07:00:00", "salida": "2017-06-26T19:00:00", "aprobado": true, "aprobado_user": null, "creator": null, "last_editor": 1, "extras": [512], "nocturna": [], "diurna": [513], "dominical": []}}, {"model": "turno.turno", "pk": 60, "fields": {"empleado": 8, "entrada": "2017-06-26T07:00:00", "salida": "2017-06-26T17:00:00", "aprobado": true, "aprobado_user": null, "creator": null, "last_editor": 1, "extras": [487], "nocturna": [], "diurna": [488], "dominical": []}}, {"model": "turno.turno", "pk": 61, "fields": {"empleado": 10, "entrada": "2017-06-26T07:00:00", "salida": "2017-06-26T19:00:00", "aprobado": true, "aprobado_user": null, "creator": null, "last_editor": 1, "extras": [489], "nocturna": [], "diurna": [490], "dominical": []}}, {"model": "turno.turno", "pk": 62, "fields": {"empleado": 7, "entrada": "2017-06-27T07:00:00", "salida": "2017-06-27T19:00:00", "aprobado": true, "aprobado_user": null, "creator": null, "last_editor": 1, "extras": [491], "nocturna": [], "diurna": [492], "dominical": []}}, {"model": "turno.turno", "pk": 63, "fields": {"empleado": 9, "entrada": "2017-06-27T07:00:00", "salida": "2017-06-27T19:00:00", "aprobado": true, "aprobado_user": null, "creator": null, "last_editor": 1, "extras": [493], "nocturna": [], "diurna": [494], "dominical": []}}, {"model": "turno.turno", "pk": 64, "fields": {"empleado": 8, "entrada": "2017-06-27T07:00:00", "salida": "2017-06-27T19:00:00", "aprobado": true, "aprobado_user": 1, "creator": null, "last_editor": 1, "extras": [678], "nocturna": [], "diurna": [679], "dominical": []}}, {"model": "turno.turno", "pk": 65, "fields": {"empleado": 10, "entrada": "2017-06-27T07:00:00", "salida": "2017-06-27T19:00:00", "aprobado": true, "aprobado_user": 1, "creator": null, "last_editor": 1, "extras": [358], "nocturna": [], "diurna": [359], "dominical": []}}, {"model": "turno.turno", "pk": 66, "fields": {"empleado": 7, "entrada": "2017-06-28T07:00:00", "salida": "2017-06-28T19:00:00", "aprobado": true, "aprobado_user": 1, "creator": null, "last_editor": 1, "extras": [680], "nocturna": [], "diurna": [681], "dominical": []}}, {"model": "turno.turno", "pk": 67, "fields": {"empleado": 9, "entrada": "2017-06-28T07:00:00", "salida": "2017-06-28T19:00:00", "aprobado": true, "aprobado_user": 1, "creator": null, "last_editor": 1, "extras": [682], "nocturna": [], "diurna": [683], "dominical": []}}, {"model": "turno.turno", "pk": 68, "fields": {"empleado": 8, "entrada": "2017-06-28T07:00:00", "salida": "2017-06-28T19:00:00", "aprobado": true, "aprobado_user": 1, "creator": null, "last_editor": 1, "extras": [684], "nocturna": [], "diurna": [685], "dominical": []}}, {"model": "turno.turno", "pk": 69, "fields": {"empleado": 10, "entrada": "2017-06-28T07:00:00", "salida": "2017-06-28T19:00:00", "aprobado": true, "aprobado_user": 1, "creator": null, "last_editor": 1, "extras": [686], "nocturna": [], "diurna": [687], "dominical": []}}, {"model": "turno.turno", "pk": 70, "fields": {"empleado": 7, "entrada": "2017-06-29T07:00:00", "salida": "2017-06-29T19:00:00", "aprobado": true, "aprobado_user": null, "creator": null, "last_editor": 1, "extras": [532], "nocturna": [], "diurna": [533], "dominical": []}}, {"model": "turno.turno", "pk": 71, "fields": {"empleado": 9, "entrada": "2017-06-29T07:00:00", "salida": "2017-06-29T19:00:00", "aprobado": true, "aprobado_user": null, "creator": null, "last_editor": 1, "extras": [519], "nocturna": [], "diurna": [520], "dominical": []}}, {"model": "turno.turno", "pk": 72, "fields": {"empleado": 8, "entrada": "2017-06-29T07:00:00", "salida": "2017-06-29T18:00:00", "aprobado": true, "aprobado_user": null, "creator": null, "last_editor": 1, "extras": [521], "nocturna": [], "diurna": [522], "dominical": []}}, {"model": "turno.turno", "pk": 73, "fields": {"empleado": 10, "entrada": "2017-06-29T07:00:00", "salida": "2017-06-29T18:00:00", "aprobado": true, "aprobado_user": null, "creator": null, "last_editor": 1, "extras": [523], "nocturna": [], "diurna": [524], "dominical": []}}, {"model": "turno.turno", "pk": 74, "fields": {"empleado": 7, "entrada": "2017-06-30T07:00:00", "salida": "2017-06-30T15:00:00", "aprobado": true, "aprobado_user": null, "creator": null, "last_editor": 1, "extras": [530], "nocturna": [], "diurna": [531], "dominical": []}}, {"model": "turno.turno", "pk": 75, "fields": {"empleado": 9, "entrada": "2017-06-30T07:00:00", "salida": "2017-06-30T15:00:00", "aprobado": true, "aprobado_user": null, "creator": null, "last_editor": 1, "extras": [528], "nocturna": [], "diurna": [529], "dominical": []}}, {"model": "turno.turno", "pk": 76, "fields": {"empleado": 8, "entrada": "2017-06-30T15:00:00", "salida": "2017-06-30T22:00:00", "aprobado": true, "aprobado_user": null, "creator": null, "last_editor": 1, "extras": [525], "nocturna": [526], "diurna": [527], "dominical": []}}, {"model": "turno.turno", "pk": 77, "fields": {"empleado": 10, "entrada": "2017-06-30T15:00:00", "salida": "2017-06-30T22:00:00", "aprobado": true, "aprobado_user": null, "creator": null, "last_editor": 1, "extras": [484], "nocturna": [485], "diurna": [486], "dominical": []}}, {"model": "turno.turno", "pk": 78, "fields": {"empleado": 11, "entrada": "2017-06-01T03:00:00", "salida": "2017-06-01T11:00:00", "aprobado": true, "aprobado_user": null, "creator": null, "last_editor": 1, "extras": [514], "nocturna": [515], "diurna": [516], "dominical": []}}, {"model": "turno.turno", "pk": 79, "fields": {"empleado": 12, "entrada": "2017-06-01T11:00:00", "salida": "2017-06-01T20:00:00", "aprobado": true, "aprobado_user": null, "creator": null, "last_editor": 1, "extras": [517], "nocturna": [], "diurna": [518], "dominical": []}}, {"model": "turno.turno", "pk": 80, "fields": {"empleado": 11, "entrada": "2017-06-02T03:00:00", "salida": "2017-06-02T11:00:00", "aprobado": true, "aprobado_user": null, "creator": null, "last_editor": 1, "extras": [572], "nocturna": [573], "diurna": [574], "dominical": []}}, {"model": "turno.turno", "pk": 81, "fields": {"empleado": 11, "entrada": "2017-06-03T03:00:00", "salida": "2017-06-03T13:00:00", "aprobado": true, "aprobado_user": null, "creator": null, "last_editor": 1, "extras": [575], "nocturna": [576], "diurna": [577], "dominical": []}}, {"model": "turno.turno", "pk": 82, "fields": {"empleado": 12, "entrada": "2017-06-03T13:00:00", "salida": "2017-06-03T23:00:00", "aprobado": true, "aprobado_user": null, "creator": null, "last_editor": 1, "extras": [578], "nocturna": [579], "diurna": [580], "dominical": []}}, {"model": "turno.turno", "pk": 83, "fields": {"empleado": 12, "entrada": "2017-06-04T15:00:00", "salida": "2017-06-05T13:00:00", "aprobado": true, "aprobado_user": null, "creator": null, "last_editor": 1, "extras": [581], "nocturna": [582, 583], "diurna": [584, 585], "dominical": []}}, {"model": "turno.turno", "pk": 84, "fields": {"empleado": 11, "entrada": "2017-06-05T03:00:00", "salida": "2017-06-05T11:00:00", "aprobado": true, "aprobado_user": null, "creator": null, "last_editor": 1, "extras": [586], "nocturna": [587], "diurna": [588], "dominical": []}}, {"model": "turno.turno", "pk": 85, "fields": {"empleado": 11, "entrada": "2017-06-06T03:00:00", "salida": "2017-06-06T11:00:00", "aprobado": true, "aprobado_user": null, "creator": null, "last_editor": 1, "extras": [589], "nocturna": [590], "diurna": [591], "dominical": []}}, {"model": "turno.turno", "pk": 86, "fields": {"empleado": 11, "entrada": "2017-06-07T03:00:00", "salida": "2017-06-07T12:00:00", "aprobado": true, "aprobado_user": null, "creator": null, "last_editor": 1, "extras": [592], "nocturna": [593], "diurna": [594], "dominical": []}}, {"model": "turno.turno", "pk": 87, "fields": {"empleado": 11, "entrada": "2017-06-08T03:00:00", "salida": "2017-06-08T11:00:00", "aprobado": true, "aprobado_user": null, "creator": null, "last_editor": 1, "extras": [595], "nocturna": [596], "diurna": [597], "dominical": []}}, {"model": "turno.turno", "pk": 88, "fields": {"empleado": 11, "entrada": "2017-06-09T03:00:00", "salida": "2017-06-09T11:00:00", "aprobado": true, "aprobado_user": null, "creator": null, "last_editor": 1, "extras": [598], "nocturna": [599], "diurna": [600], "dominical": []}}, {"model": "turno.turno", "pk": 89, "fields": {"empleado": 12, "entrada": "2017-06-09T11:00:00", "salida": "2017-06-09T18:00:00", "aprobado": true, "aprobado_user": null, "creator": null, "last_editor": 1, "extras": [601], "nocturna": [], "diurna": [602], "dominical": []}}, {"model": "turno.turno", "pk": 90, "fields": {"empleado": 11, "entrada": "2017-06-10T03:00:00", "salida": "2017-06-10T11:00:00", "aprobado": true, "aprobado_user": null, "creator": null, "last_editor": 1, "extras": [603], "nocturna": [604], "diurna": [605], "dominical": []}}, {"model": "turno.turno", "pk": 91, "fields": {"empleado": 12, "entrada": "2017-06-10T11:00:00", "salida": "2017-06-10T17:00:00", "aprobado": true, "aprobado_user": null, "creator": null, "last_editor": 1, "extras": [606], "nocturna": [], "diurna": [607], "dominical": []}}, {"model": "turno.turno", "pk": 92, "fields": {"empleado": 11, "entrada": "2017-06-11T15:00:00", "salida": "2017-06-12T03:00:00", "aprobado": true, "aprobado_user": null, "creator": null, "last_editor": 1, "extras": [608], "nocturna": [609, 610], "diurna": [611], "dominical": []}}, {"model": "turno.turno", "pk": 93, "fields": {"empleado": 11, "entrada": "2017-06-12T15:00:00", "salida": "2017-06-12T23:00:00", "aprobado": true, "aprobado_user": null, "creator": null, "last_editor": 1, "extras": [612], "nocturna": [613], "diurna": [614], "dominical": []}}, {"model": "turno.turno", "pk": 94, "fields": {"empleado": 12, "entrada": "2017-06-12T04:00:00", "salida": "2017-06-12T15:00:00", "aprobado": true, "aprobado_user": null, "creator": null, "last_editor": 1, "extras": [615], "nocturna": [616], "diurna": [617], "dominical": []}}, {"model": "turno.turno", "pk": 95, "fields": {"empleado": 11, "entrada": "2017-06-13T03:00:00", "salida": "2017-06-13T11:00:00", "aprobado": true, "aprobado_user": null, "creator": null, "last_editor": 1, "extras": [618], "nocturna": [619], "diurna": [620], "dominical": []}}, {"model": "turno.turno", "pk": 96, "fields": {"empleado": 12, "entrada": "2017-06-13T11:00:00", "salida": "2017-06-13T17:00:00", "aprobado": true, "aprobado_user": 1, "creator": null, "last_editor": 1, "extras": [], "nocturna": [], "diurna": [702], "dominical": []}}, {"model": "turno.turno", "pk": 97, "fields": {"empleado": 11, "entrada": "2017-06-14T03:00:00", "salida": "2017-06-14T11:00:00", "aprobado": true, "aprobado_user": 1, "creator": null, "last_editor": 1, "extras": [], "nocturna": [703], "diurna": [704], "dominical": []}}, {"model": "turno.turno", "pk": 98, "fields": {"empleado": 11, "entrada": "2017-06-15T03:00:00", "salida": "2017-06-15T11:00:00", "aprobado": true, "aprobado_user": 1, "creator": null, "last_editor": 1, "extras": [], "nocturna": [705], "diurna": [706], "dominical": []}}, {"model": "turno.turno", "pk": 99, "fields": {"empleado": 12, "entrada": "2017-06-15T11:00:00", "salida": "2017-06-15T16:00:00", "aprobado": true, "aprobado_user": 1, "creator": null, "last_editor": 1, "extras": [], "nocturna": [], "diurna": [707], "dominical": []}}, {"model": "turno.turno", "pk": 100, "fields": {"empleado": 11, "entrada": "2017-06-16T03:00:00", "salida": "2017-06-16T11:00:00", "aprobado": true, "aprobado_user": 1, "creator": null, "last_editor": 1, "extras": [], "nocturna": [708], "diurna": [709], "dominical": []}}, {"model": "turno.turno", "pk": 101, "fields": {"empleado": 12, "entrada": "2017-06-16T11:00:00", "salida": "2017-06-16T17:00:00", "aprobado": true, "aprobado_user": 1, "creator": null, "last_editor": 1, "extras": [], "nocturna": [], "diurna": [710], "dominical": []}}, {"model": "turno.turno", "pk": 102, "fields": {"empleado": 11, "entrada": "2017-06-17T03:00:00", "salida": "2017-06-17T15:00:00", "aprobado": true, "aprobado_user": 1, "creator": null, "last_editor": 1, "extras": [], "nocturna": [711], "diurna": [712], "dominical": []}}, {"model": "turno.turno", "pk": 103, "fields": {"empleado": 12, "entrada": "2017-06-17T15:00:00", "salida": "2017-06-18T00:00:00", "aprobado": true, "aprobado_user": 1, "creator": null, "last_editor": 1, "extras": [], "nocturna": [713], "diurna": [714], "dominical": []}}, {"model": "turno.turno", "pk": 104, "fields": {"empleado": 11, "entrada": "2017-06-19T04:00:00", "salida": "2017-06-19T12:00:00", "aprobado": true, "aprobado_user": 1, "creator": null, "last_editor": 1, "extras": [], "nocturna": [715], "diurna": [716], "dominical": []}}, {"model": "turno.turno", "pk": 105, "fields": {"empleado": 11, "entrada": "2017-06-20T03:00:00", "salida": "2017-06-20T12:00:00", "aprobado": true, "aprobado_user": 1, "creator": null, "last_editor": 1, "extras": [], "nocturna": [717], "diurna": [718], "dominical": []}}, {"model": "turno.turno", "pk": 106, "fields": {"empleado": 12, "entrada": "2017-06-20T12:00:00", "salida": "2017-06-20T16:00:00", "aprobado": true, "aprobado_user": 1, "creator": null, "last_editor": 1, "extras": [], "nocturna": [], "diurna": [719], "dominical": []}}, {"model": "turno.turno", "pk": 107, "fields": {"empleado": 11, "entrada": "2017-06-21T03:00:00", "salida": "2017-06-21T15:00:00", "aprobado": true, "aprobado_user": 1, "creator": null, "last_editor": 1, "extras": [], "nocturna": [720], "diurna": [721], "dominical": []}}, {"model": "turno.turno", "pk": 108, "fields": {"empleado": 12, "entrada": "2017-06-21T03:00:00", "salida": "2017-06-21T15:00:00", "aprobado": true, "aprobado_user": 1, "creator": null, "last_editor": 1, "extras": [], "nocturna": [722], "diurna": [723], "dominical": []}}, {"model": "turno.turno", "pk": 109, "fields": {"empleado": 11, "entrada": "2017-06-22T11:00:00", "salida": "2017-06-22T17:00:00", "aprobado": true, "aprobado_user": null, "creator": null, "last_editor": 1, "extras": [447], "nocturna": [], "diurna": [448], "dominical": []}}, {"model": "turno.turno", "pk": 110, "fields": {"empleado": 12, "entrada": "2017-06-22T03:00:00", "salida": "2017-06-22T11:00:00", "aprobado": true, "aprobado_user": null, "creator": null, "last_editor": 1, "extras": [449], "nocturna": [450], "diurna": [451], "dominical": []}}, {"model": "turno.turno", "pk": 111, "fields": {"empleado": 11, "entrada": "2017-06-23T11:00:00", "salida": "2017-06-23T17:00:00", "aprobado": true, "aprobado_user": null, "creator": null, "last_editor": 1, "extras": [452], "nocturna": [], "diurna": [453], "dominical": []}}, {"model": "turno.turno", "pk": 112, "fields": {"empleado": 12, "entrada": "2017-06-23T03:00:00", "salida": "2017-06-23T11:00:00", "aprobado": true, "aprobado_user": null, "creator": null, "last_editor": 1, "extras": [454], "nocturna": [455], "diurna": [456], "dominical": []}}, {"model": "turno.turno", "pk": 113, "fields": {"empleado": 11, "entrada": "2017-06-24T11:00:00", "salida": "2017-06-24T17:00:00", "aprobado": true, "aprobado_user": null, "creator": null, "last_editor": 1, "extras": [457], "nocturna": [], "diurna": [458], "dominical": []}}, {"model": "turno.turno", "pk": 114, "fields": {"empleado": 12, "entrada": "2017-06-24T03:00:00", "salida": "2017-06-24T11:00:00", "aprobado": true, "aprobado_user": null, "creator": null, "last_editor": 1, "extras": [459], "nocturna": [460], "diurna": [461], "dominical": []}}, {"model": "turno.turno", "pk": 115, "fields": {"empleado": 12, "entrada": "2017-06-25T17:00:00", "salida": "2017-06-26T03:00:00", "aprobado": true, "aprobado_user": null, "creator": null, "last_editor": 1, "extras": [462], "nocturna": [463, 464], "diurna": [465], "dominical": []}}, {"model": "turno.turno", "pk": 116, "fields": {"empleado": 11, "entrada": "2017-06-27T03:00:00", "salida": "2017-06-27T11:00:00", "aprobado": true, "aprobado_user": null, "creator": null, "last_editor": 1, "extras": [466], "nocturna": [467], "diurna": [468], "dominical": []}}, {"model": "turno.turno", "pk": 117, "fields": {"empleado": 12, "entrada": "2017-06-27T11:00:00", "salida": "2017-06-27T17:00:00", "aprobado": true, "aprobado_user": null, "creator": null, "last_editor": 1, "extras": [469], "nocturna": [], "diurna": [470], "dominical": []}}, {"model": "turno.turno", "pk": 118, "fields": {"empleado": 11, "entrada": "2017-06-28T03:00:00", "salida": "2017-06-28T15:00:00", "aprobado": true, "aprobado_user": null, "creator": null, "last_editor": 1, "extras": [471], "nocturna": [472], "diurna": [473], "dominical": []}}, {"model": "turno.turno", "pk": 119, "fields": {"empleado": 12, "entrada": "2017-06-28T15:00:00", "salida": "2017-06-28T17:00:00", "aprobado": true, "aprobado_user": null, "creator": null, "last_editor": 1, "extras": [474], "nocturna": [], "diurna": [475], "dominical": []}}, {"model": "turno.turno", "pk": 120, "fields": {"empleado": 11, "entrada": "2017-06-29T03:00:00", "salida": "2017-06-29T11:00:00", "aprobado": true, "aprobado_user": null, "creator": null, "last_editor": 1, "extras": [476], "nocturna": [477], "diurna": [478], "dominical": []}}, {"model": "turno.turno", "pk": 121, "fields": {"empleado": 12, "entrada": "2017-06-29T11:00:00", "salida": "2017-06-29T17:00:00", "aprobado": true, "aprobado_user": null, "creator": null, "last_editor": 1, "extras": [479], "nocturna": [], "diurna": [480], "dominical": []}}, {"model": "turno.turno", "pk": 122, "fields": {"empleado": 11, "entrada": "2017-06-30T03:00:00", "salida": "2017-06-30T11:00:00", "aprobado": true, "aprobado_user": null, "creator": null, "last_editor": 1, "extras": [481], "nocturna": [482], "diurna": [483], "dominical": []}}, {"model": "turno.turno", "pk": 123, "fields": {"empleado": 12, "entrada": "2017-06-30T11:00:00", "salida": "2017-06-30T17:00:00", "aprobado": true, "aprobado_user": null, "creator": null, "last_editor": 1, "extras": [646], "nocturna": [], "diurna": [647], "dominical": []}}, {"model": "usuarios.administrador", "pk": 3, "fields": {"identificacion": "1111111", "fecha_nacimiento": "2017-07-07", "direccion": "Calle 64 #18-27", "telefono": "12111", "fijo": "3183930393", "imagen": "", "creator": 2, "last_editor": 2, "eliminado": false, "eliminado_por": null, "groups": [], "user_permissions": []}}, {"model": "usuarios.asistente", "pk": 2, "fields": {"identificacion": "11112", "fecha_nacimiento": "2016-12-01", "direccion": "Calle 64 #18-27", "telefono": "3183930393", "fijo": "3183930393", "imagen": "", "creator": 1, "last_editor": 2, "eliminado": false, "eliminado_por": null, "groups": [], "user_permissions": []}}, {"model": "admin.logentry", "pk": 1, "fields": {"action_time": "2017-07-06T17:25:28.078", "user": 1, "content_type": 12, "object_id": "1", "object_repr": "TARJADOR MARITIMO", "action_flag": 1, "change_message": "[{\"added\": {}}]"}}, {"model": "admin.logentry", "pk": 2, "fields": {"action_time": "2017-07-06T19:05:13.967", "user": 1, "content_type": 23, "object_id": "2", "object_repr": "Yamid Pico Leal", "action_flag": 1, "change_message": "[{\"added\": {}}]"}}, {"model": "admin.logentry", "pk": 3, "fields": {"action_time": "2017-07-06T19:07:06.240", "user": 1, "content_type": 4, "object_id": "2", "object_repr": "asistente1", "action_flag": 2, "change_message": "[{\"changed\": {\"fields\": [\"password\"]}}]"}}, {"model": "admin.logentry", "pk": 4, "fields": {"action_time": "2017-07-11T04:27:06.858", "user": 1, "content_type": 27, "object_id": "1", "object_repr": "unidad1", "action_flag": 1, "change_message": "[{\"added\": {}}]"}}, {"model": "admin.logentry", "pk": 5, "fields": {"action_time": "2017-07-11T04:27:10.641", "user": 1, "content_type": 12, "object_id": "2", "object_repr": "ESTIBADOR CARGA GENERAL", "action_flag": 1, "change_message": "[{\"added\": {}}]"}}, {"model": "admin.logentry", "pk": 6, "fields": {"action_time": "2017-07-11T04:40:08.898", "user": 2, "content_type": 18, "object_id": "7", "object_repr": "Contrato de HECTOR JULIAN CARDALES DE AVILA", "action_flag": 1, "change_message": "[{\"added\": {}}]"}}, {"model": "admin.logentry", "pk": 7, "fields": {"action_time": "2017-07-11T04:42:56.695", "user": 2, "content_type": 18, "object_id": "8", "object_repr": "Contrato de LUIS RAFAEL CASTLLO MATURANA", "action_flag": 1, "change_message": "[{\"added\": {}}]"}}, {"model": "admin.logentry", "pk": 8, "fields": {"action_time": "2017-07-11T04:44:06.828", "user": 2, "content_type": 18, "object_id": "9", "object_repr": "Contrato de RODRIGO CARDALES REYES", "action_flag": 1, "change_message": "[{\"added\": {}}]"}}, {"model": "admin.logentry", "pk": 9, "fields": {"action_time": "2017-07-11T04:45:17.462", "user": 2, "content_type": 18, "object_id": "10", "object_repr": "Contrato de RONALD HERRERA DE LA ROSA", "action_flag": 1, "change_message": "[{\"added\": {}}]"}}, {"model": "admin.logentry", "pk": 10, "fields": {"action_time": "2017-07-11T07:25:56.537", "user": 2, "content_type": 23, "object_id": "77", "object_repr": "Turno: RONALD HERRERA DE LA ROSA - 2017-06-30", "action_flag": 2, "change_message": "[{\"changed\": {\"fields\": [\"aprobado\"]}}]"}}, {"model": "admin.logentry", "pk": 11, "fields": {"action_time": "2017-07-11T07:26:27.276", "user": 2, "content_type": 23, "object_id": "77", "object_repr": "Turno: RONALD HERRERA DE LA ROSA - 2017-06-30", "action_flag": 2, "change_message": "[{\"changed\": {\"fields\": [\"aprobado\"]}}]"}}, {"model": "admin.logentry", "pk": 12, "fields": {"action_time": "2017-07-11T07:26:36.129", "user": 2, "content_type": 23, "object_id": "76", "object_repr": "Turno: LUIS RAFAEL CASTLLO MATURANA - 2017-06-30", "action_flag": 2, "change_message": "[{\"changed\": {\"fields\": [\"aprobado\"]}}]"}}, {"model": "admin.logentry", "pk": 13, "fields": {"action_time": "2017-07-11T07:26:56.645", "user": 2, "content_type": 23, "object_id": "75", "object_repr": "Turno: RODRIGO CARDALES REYES - 2017-06-30", "action_flag": 2, "change_message": "[{\"changed\": {\"fields\": [\"aprobado\"]}}]"}}, {"model": "admin.logentry", "pk": 14, "fields": {"action_time": "2017-07-11T07:27:06.184", "user": 2, "content_type": 23, "object_id": "75", "object_repr": "Turno: RODRIGO CARDALES REYES - 2017-06-30", "action_flag": 2, "change_message": "[{\"changed\": {\"fields\": [\"aprobado\"]}}]"}}, {"model": "admin.logentry", "pk": 15, "fields": {"action_time": "2017-07-11T07:27:15.132", "user": 2, "content_type": 23, "object_id": "74", "object_repr": "Turno: HECTOR JULIAN CARDALES DE AVILA - 2017-06-30", "action_flag": 2, "change_message": "[{\"changed\": {\"fields\": [\"aprobado\"]}}]"}}, {"model": "admin.logentry", "pk": 16, "fields": {"action_time": "2017-07-11T07:27:24.332", "user": 2, "content_type": 23, "object_id": "70", "object_repr": "Turno: HECTOR JULIAN CARDALES DE AVILA - 2017-06-29", "action_flag": 2, "change_message": "[{\"changed\": {\"fields\": [\"aprobado\"]}}]"}}, {"model": "admin.logentry", "pk": 17, "fields": {"action_time": "2017-07-11T17:33:33.035", "user": 2, "content_type": 13, "object_id": "3", "object_repr": "ESTIBADOR PATIO CONTENEDORES", "action_flag": 1, "change_message": "[{\"added\": {}}]"}}, {"model": "admin.logentry", "pk": 18, "fields": {"action_time": "2017-07-11T17:45:17.459", "user": 2, "content_type": 22, "object_id": "11", "object_repr": "Contrato de ALFONSO GARCERANT LLAMAS", "action_flag": 1, "change_message": "[{\"added\": {}}]"}}, {"model": "admin.logentry", "pk": 19, "fields": {"action_time": "2017-07-11T17:47:44.593", "user": 2, "content_type": 22, "object_id": "12", "object_repr": "Contrato de JOHN JAIRO RAMIREZ CONTRERAS", "action_flag": 1, "change_message": "[{\"added\": {}}]"}}, {"model": "admin.logentry", "pk": 20, "fields": {"action_time": "2017-07-11T23:06:31.689", "user": 2, "content_type": 18, "object_id": "1", "object_repr": "BANCO DE BOGOT\u00c1", "action_flag": 1, "change_message": "[{\"added\": {}}]"}}, {"model": "admin.logentry", "pk": 21, "fields": {"action_time": "2017-07-11T23:24:13.781", "user": 1, "content_type": 9, "object_id": "3", "object_repr": "2017-06-01-None", "action_flag": 1, "change_message": "[{\"added\": {}}]"}}]